Timestamp,From Bank,Account,To Bank,Account.1,Amount Paid,Payment Currency,Payment Format,Is Laundering
2025-01-01 00:49:00,A,61,A,89,998.76,USD,Wire,0
2025-01-01 01:01:00,B,30,A,77,1488.4,USD,Wire,0
2025-01-01 01:06:00,A,27,A,107,1997.96,USD,ACH,0
2025-01-01 02:56:00,A,37,B,110,3516.67,USD,Wire,0
2025-01-01 03:01:00,A,69,A,81,5936.9,USD,Wire,0
2025-01-01 03:10:00,B,28,A,43,1307.95,USD,Wire,0
2025-01-01 03:17:00,A,105,A,69,1094.69,USD,Wire,0
2025-01-01 03:33:00,A,55,A,49,2926.09,USD,Cheque,0
2025-01-01 03:38:00,A,99,B,72,3540.17,USD,ACH,0
2025-01-01 03:40:00,B,78,A,93,1121.45,USD,ACH,0
2025-01-01 04:22:00,A,39,A,43,4313.19,USD,ACH,0
2025-01-01 04:45:00,A,27,B,58,5311.04,USD,Wire,0
2025-01-01 04:54:00,A,85,B,6,7486.49,USD,Wire,0
2025-01-01 04:56:00,B,38,B,84,12786.6,USD,Wire,0
2025-01-01 05:16:00,A,29,B,56,697.11,USD,Wire,0
2025-01-01 05:27:00,A,107,A,53,1835.9,USD,Wire,0
2025-01-01 05:44:00,B,56,A,61,1830.61,USD,Wire,0
2025-01-01 06:39:00,B,6,A,25,1623.14,USD,Wire,0
2025-01-01 07:12:00,A,57,A,69,885.2,USD,Wire,0
2025-01-01 08:07:00,A,53,A,85,352.79,USD,ACH,0
2025-01-01 08:16:00,A,99,B,40,2002.09,USD,ACH,0
2025-01-01 09:20:00,B,82,A,15,776.51,USD,ACH,0
2025-01-01 09:21:00,B,22,A,45,1987.42,USD,ACH,0
2025-01-01 09:47:00,B,18,A,23,754.87,USD,Cheque,0
2025-01-01 09:52:00,A,69,A,43,539.36,USD,Wire,0
2025-01-01 10:35:00,B,6,B,72,2339.58,USD,Cheque,0
2025-01-01 11:52:00,A,37,A,13,2134.56,USD,Wire,0
2025-01-01 11:59:00,B,16,B,86,3419.37,USD,Wire,0
2025-01-01 12:04:00,A,3,B,26,20019.26,USD,Wire,0
2025-01-01 13:07:00,A,105,B,102,2452.88,USD,Wire,0
2025-01-01 14:12:00,A,11,B,84,3082.79,USD,Wire,0
2025-01-01 14:31:00,B,2,B,32,552.63,USD,ACH,0
2025-01-01 14:44:00,A,107,A,65,438.96,USD,ACH,0
2025-01-01 14:51:00,B,22,A,13,10312.5,USD,ACH,0
2025-01-01 15:15:00,B,94,B,12,654.7,USD,ACH,0
2025-01-01 15:19:00,B,4,A,109,573.44,USD,Cheque,0
2025-01-01 16:06:00,B,18,B,92,1731.93,USD,Wire,0
2025-01-01 16:40:00,A,13,B,18,1637.27,USD,ACH,0
2025-01-01 16:42:00,A,81,A,33,669.98,USD,Cheque,0
2025-01-01 16:48:00,A,71,A,23,1292.75,USD,Wire,0
2025-01-01 16:52:00,A,55,B,46,6990.54,USD,Wire,0
2025-01-01 19:29:00,B,28,B,34,745.02,USD,ACH,0
2025-01-01 19:39:00,A,11,B,38,390.32,USD,ACH,0
2025-01-01 19:53:00,A,65,A,61,5099.27,USD,Cheque,0
2025-01-01 20:42:00,A,27,B,22,3107.35,USD,ACH,0
2025-01-01 21:26:00,B,68,A,101,913.63,USD,Wire,0
2025-01-01 21:45:00,A,79,A,83,317.23,USD,Cheque,0
2025-01-01 23:18:00,A,97,A,87,797.05,USD,Wire,0
2025-01-01 23:37:00,A,57,B,20,1702.45,USD,Wire,0
2025-01-02 00:05:00,A,1,A,81,6517.46,USD,ACH,0
2025-01-02 00:13:00,B,32,B,96,578.11,USD,Wire,0
2025-01-02 00:18:00,B,98,B,20,1647.52,USD,ACH,0
2025-01-02 00:50:00,A,61,B,86,3799.63,USD,Wire,0
2025-01-02 01:02:00,A,71,A,41,131.71,USD,ACH,0
2025-01-02 01:08:00,A,53,B,90,5637.32,USD,ACH,0
2025-01-02 02:58:00,A,19,A,55,492.41,USD,ACH,0
2025-01-02 03:30:00,A,103,B,92,2605.02,USD,ACH,0
2025-01-02 03:36:00,A,89,A,17,2371.67,USD,ACH,0
2025-01-02 03:42:00,B,114,A,45,5961.31,USD,Cheque,0
2025-01-02 03:57:00,B,98,B,32,3314.35,USD,ACH,0
2025-01-02 03:59:00,B,34,A,29,132.29,USD,ACH,0
2025-01-02 04:27:00,A,29,B,36,762.61,USD,Wire,0
2025-01-02 05:02:00,A,29,B,44,2104.91,USD,Wire,0
2025-01-02 05:12:00,A,105,A,15,1459.02,USD,Wire,0
2025-01-02 05:26:00,B,64,A,81,3057.56,USD,Wire,0
2025-01-02 05:40:00,B,52,A,63,4308.32,USD,Wire,0
2025-01-02 06:00:00,A,111,A,95,3530.86,USD,Wire,0
2025-01-02 06:05:00,A,69,A,81,1428.38,USD,ACH,0
2025-01-02 06:10:00,B,104,A,17,237.23,USD,Wire,0
2025-01-02 07:55:00,A,113,B,8,1095.5,USD,ACH,0
2025-01-02 08:43:00,B,10,A,49,2858.36,USD,Wire,0
2025-01-02 08:54:00,B,42,A,55,544.85,USD,ACH,0
2025-01-02 09:05:00,B,84,B,28,3620.63,USD,Wire,0
2025-01-02 09:41:00,A,93,B,90,4911.0,USD,Cheque,0
2025-01-02 10:14:00,A,17,A,67,2078.82,USD,Wire,0
2025-01-02 10:26:00,A,37,B,86,62.17,USD,ACH,0
2025-01-02 10:42:00,A,63,A,13,443.24,USD,Wire,0
2025-01-02 10:55:00,B,92,A,93,14397.47,USD,ACH,0
2025-01-02 11:38:00,A,13,B,24,991.09,USD,Wire,0
2025-01-02 11:52:00,A,69,B,52,203.86,USD,Cheque,0
2025-01-02 12:37:00,B,34,A,51,7035.84,USD,Wire,0
2025-01-02 12:59:00,A,25,B,94,1834.8,USD,ACH,0
2025-01-02 13:13:00,A,59,B,32,6096.28,USD,Cheque,0
2025-01-02 13:20:00,B,48,B,28,2451.99,USD,Wire,0
2025-01-02 13:35:00,A,73,A,39,2994.15,USD,Wire,0
2025-01-02 14:27:00,A,37,B,42,2695.42,USD,Wire,0
2025-01-02 15:02:00,B,94,A,21,3894.18,USD,Wire,0
2025-01-02 15:10:00,A,9,A,21,22140.71,USD,ACH,0
2025-01-02 16:30:00,A,99,A,27,5261.16,USD,Wire,0
2025-01-02 16:40:00,B,4,B,54,317.86,USD,Wire,0
2025-01-02 16:44:00,B,84,B,40,2955.22,USD,ACH,0
2025-01-02 17:04:00,B,40,A,45,6346.31,USD,Wire,0
2025-01-02 18:53:00,B,44,B,82,6788.4,USD,Wire,0
2025-01-02 19:39:00,A,3,B,28,1130.86,USD,ACH,0
2025-01-02 20:02:00,A,81,B,104,6512.24,USD,ACH,0
2025-01-02 20:42:00,A,19,B,86,5016.64,USD,ACH,0
2025-01-02 20:43:00,B,76,B,20,30631.04,USD,Cheque,0
2025-01-02 21:08:00,A,83,B,36,792.35,USD,ACH,0
2025-01-02 21:27:00,A,97,A,21,1034.69,USD,Wire,0
2025-01-02 21:38:00,A,81,B,32,1291.12,USD,ACH,0
2025-01-02 23:10:00,A,35,B,42,1054.43,USD,ACH,0
2025-01-03 00:25:00,A,85,A,15,679.24,USD,ACH,0
2025-01-03 00:41:00,A,95,B,2,86.58,USD,Wire,0
2025-01-03 01:44:00,A,37,A,51,1120.84,USD,Wire,0
2025-01-03 01:50:00,A,15,B,80,2714.31,USD,ACH,0
2025-01-03 03:18:00,B,102,A,35,1050.96,USD,Cheque,0
2025-01-03 03:28:00,A,17,A,99,15198.0,USD,Cheque,0
2025-01-03 04:10:00,B,68,A,43,1834.84,USD,ACH,0
2025-01-03 05:13:00,A,27,A,103,7481.08,USD,ACH,0
2025-01-03 05:15:00,A,15,A,27,2410.43,USD,Wire,0
2025-01-03 05:47:00,A,89,B,62,4487.49,USD,Wire,0
2025-01-03 06:20:00,A,17,A,87,2458.15,USD,Wire,0
2025-01-03 07:23:00,A,77,A,7,8149.1,USD,Wire,1
2025-01-03 07:35:00,B,80,A,107,1922.79,USD,Wire,0
2025-01-03 08:31:00,A,7,B,42,3120.45,USD,ACH,0
2025-01-03 08:42:00,B,20,A,57,2705.29,USD,ACH,0
2025-01-03 08:44:00,A,91,B,72,1316.7,USD,Cheque,0
2025-01-03 08:46:00,B,58,B,74,2822.79,USD,Wire,0
2025-01-03 08:59:00,B,14,A,3,21116.81,USD,ACH,0
2025-01-03 08:59:00,B,114,A,99,1342.87,USD,ACH,0
2025-01-03 09:45:00,A,31,B,72,2868.12,USD,ACH,0
2025-01-03 09:48:00,A,1,B,114,7212.4,USD,Cheque,0
2025-01-03 09:57:00,B,106,B,54,6337.75,USD,ACH,0
2025-01-03 10:54:00,B,2,B,70,1831.5,USD,Cheque,0
2025-01-03 10:56:00,B,64,A,51,131.4,USD,Cheque,0
2025-01-03 11:58:00,B,114,B,102,3191.9,USD,ACH,0
2025-01-03 12:30:00,B,66,A,95,157.37,USD,Wire,0
2025-01-03 12:33:00,A,67,B,104,9108.21,USD,Wire,0
2025-01-03 12:46:00,A,45,B,58,2178.56,USD,Wire,0
2025-01-03 12:51:00,A,15,A,91,5429.71,USD,Cheque,0
2025-01-03 13:06:00,B,66,A,41,670.27,USD,Cheque,0
2025-01-03 13:38:00,A,103,A,53,327.75,USD,ACH,0
2025-01-03 13:54:00,A,11,A,87,2408.67,USD,Wire,0
2025-01-03 14:42:00,A,101,B,10,1742.43,USD,Wire,0
2025-01-03 14:46:00,B,48,A,81,1052.9,USD,ACH,0
2025-01-03 15:17:00,B,62,B,2,1984.51,USD,Wire,0
2025-01-03 15:28:00,A,19,A,67,37955.87,USD,ACH,0
2025-01-03 15:38:00,A,71,A,55,4527.74,USD,Wire,0
2025-01-03 15:52:00,A,21,B,54,5735.6,USD,Cheque,0
2025-01-03 15:54:00,B,32,A,57,4574.86,USD,Cheque,0
2025-01-03 16:00:00,A,83,A,57,9204.14,USD,ACH,0
2025-01-03 16:17:00,B,6,A,47,1466.92,USD,Wire,0
2025-01-03 16:46:00,A,51,B,52,188.63,USD,ACH,0
2025-01-03 17:20:00,B,68,A,65,1469.32,USD,Cheque,0
2025-01-03 18:36:00,B,16,B,88,4415.65,USD,Cheque,0
2025-01-03 19:11:00,B,34,A,63,622.17,USD,Cheque,0
2025-01-03 20:19:00,B,40,B,74,1489.2,USD,Wire,0
2025-01-03 20:28:00,B,76,B,96,844.76,USD,Cheque,0
2025-01-03 20:28:00,B,112,A,113,9435.48,USD,Wire,1
2025-01-03 21:13:00,B,96,A,13,4123.27,USD,Wire,0
2025-01-03 21:13:00,B,22,B,82,3702.25,USD,ACH,0
2025-01-03 21:29:00,A,3,B,26,3582.3,USD,Cheque,0
2025-01-03 22:32:00,B,6,A,23,1735.46,USD,Wire,0
2025-01-03 22:44:00,B,68,A,91,2246.91,USD,Wire,0
2025-01-03 23:09:00,B,18,B,8,490.93,USD,Wire,0
2025-01-03 23:19:00,A,27,A,97,163.19,USD,Wire,0
2025-01-03 23:30:00,A,97,B,88,2132.58,USD,ACH,0
2025-01-03 23:43:00,B,100,B,114,2582.18,USD,Wire,0
2025-01-04 00:04:00,B,96,A,77,6837.59,USD,ACH,0
2025-01-04 00:24:00,A,29,B,100,10182.94,USD,Wire,0
2025-01-04 00:57:00,A,71,B,14,10167.97,USD,Wire,0
2025-01-04 01:20:00,B,70,B,102,603.15,USD,ACH,0
2025-01-04 01:26:00,B,22,A,19,1227.22,USD,Wire,0
2025-01-04 02:18:00,B,64,B,36,3066.73,USD,Wire,0
2025-01-04 02:39:00,B,60,A,15,29292.74,USD,ACH,0
2025-01-04 02:59:00,B,46,B,46,9210.59,USD,ACH,0
2025-01-04 03:18:00,B,86,B,86,6194.0,USD,ACH,0
2025-01-04 04:25:00,B,78,A,31,1180.19,USD,Wire,0
2025-01-04 04:25:00,A,61,B,94,684.36,USD,Cheque,0
2025-01-04 04:40:00,A,83,B,70,4306.15,USD,ACH,0
2025-01-04 04:57:00,A,87,B,72,538.76,USD,ACH,0
2025-01-04 04:58:00,A,65,B,108,1390.92,USD,Wire,0
2025-01-04 05:36:00,A,31,B,50,1593.59,USD,Wire,0
2025-01-04 05:51:00,A,87,B,40,10427.52,USD,Wire,0
2025-01-04 05:56:00,B,82,B,114,1223.94,USD,Wire,0
2025-01-04 06:41:00,A,113,B,64,123.57,USD,ACH,0
2025-01-04 07:17:00,B,18,A,71,3149.15,USD,Wire,0
2025-01-04 07:37:00,B,48,B,34,838.05,USD,Wire,0
2025-01-04 07:53:00,B,106,A,25,1894.85,USD,Wire,0
2025-01-04 07:53:00,A,59,B,20,1643.57,USD,Cheque,0
2025-01-04 08:06:00,B,108,B,26,1337.99,USD,Wire,0
2025-01-04 08:11:00,B,2,A,23,4312.94,USD,Wire,0
2025-01-04 08:25:00,A,5,B,86,334.91,USD,Wire,0
2025-01-04 08:27:00,A,91,A,7,1023.81,USD,ACH,0
2025-01-04 08:45:00,A,41,B,72,3836.98,USD,Wire,0
2025-01-04 08:47:00,B,60,A,109,920.12,USD,Cheque,0
2025-01-04 09:52:00,A,49,B,88,308.07,USD,Wire,0
2025-01-04 09:55:00,A,47,B,46,3772.19,USD,Wire,0
2025-01-04 10:28:00,B,108,A,7,6219.25,USD,Wire,0
2025-01-04 10:29:00,A,11,B,96,1720.73,USD,Wire,0
2025-01-04 11:09:00,A,89,A,1,209.15,USD,Wire,0
2025-01-04 11:14:00,B,102,B,78,3930.68,USD,Cheque,0
2025-01-04 11:56:00,A,75,A,77,291.23,USD,ACH,0
2025-01-04 12:51:00,B,46,B,22,2539.39,USD,Wire,0
2025-01-04 13:43:00,A,19,A,85,681.15,USD,Wire,0
2025-01-04 13:57:00,B,78,A,21,504.81,USD,Cheque,0
2025-01-04 14:05:00,B,54,B,26,1111.98,USD,Wire,0
2025-01-04 14:11:00,B,18,A,93,1477.89,USD,Wire,0
2025-01-04 14:54:00,B,42,B,112,890.13,USD,Wire,0
2025-01-04 14:54:00,B,110,A,31,3454.99,USD,Wire,0
2025-01-04 15:18:00,A,31,B,106,1106.91,USD,Cheque,0
2025-01-04 16:04:00,A,21,A,105,5314.58,USD,ACH,1
2025-01-04 16:35:00,B,78,B,88,2463.38,USD,ACH,0
2025-01-04 16:46:00,A,23,B,16,839.4,USD,ACH,0
2025-01-04 16:50:00,A,105,A,35,697.47,USD,Wire,0
2025-01-04 18:06:00,B,98,B,78,295.23,USD,Wire,0
2025-01-04 18:17:00,A,113,B,114,2489.42,USD,Wire,0
2025-01-04 18:25:00,A,105,A,93,1224.09,USD,Wire,0
2025-01-04 19:44:00,B,28,B,48,133.03,USD,Wire,0
2025-01-04 19:56:00,A,25,A,27,1002.96,USD,Wire,0
2025-01-04 20:20:00,B,40,B,110,671.06,USD,Cheque,0
2025-01-04 21:29:00,B,54,B,32,10231.69,USD,Wire,0
2025-01-04 21:51:00,A,101,B,40,277.81,USD,Wire,0
2025-01-04 21:54:00,B,84,B,110,370.37,USD,ACH,0
2025-01-04 21:55:00,B,74,A,65,6130.1,USD,Wire,0
2025-01-04 21:56:00,A,101,A,31,8042.05,USD,ACH,0
2025-01-04 22:01:00,B,74,A,1,796.73,USD,Wire,0
2025-01-04 22:13:00,B,44,B,50,902.08,USD,Cheque,0
2025-01-04 22:14:00,B,48,A,113,3561.22,USD,Wire,0
2025-01-04 22:18:00,A,59,B,50,139.8,USD,Cheque,0
2025-01-04 22:55:00,A,11,B,80,233.38,USD,Wire,0
2025-01-04 23:09:00,A,85,A,29,1327.69,USD,Wire,1
2025-01-04 23:41:00,A,75,A,89,9945.54,USD,ACH,0
2025-01-05 00:06:00,B,84,A,89,1119.57,USD,Wire,0
2025-01-05 00:40:00,A,61,B,70,2020.36,USD,Wire,0
2025-01-05 00:41:00,B,90,B,88,6292.84,USD,ACH,1
2025-01-05 00:48:00,A,109,B,66,18353.46,USD,Wire,0
2025-01-05 01:07:00,A,65,B,44,958.59,USD,Cheque,0
2025-01-05 01:31:00,A,51,A,85,1774.86,USD,Cheque,0
2025-01-05 02:13:00,B,12,B,96,13416.77,USD,Wire,0
2025-01-05 03:18:00,A,89,B,96,338.86,USD,Cheque,0
2025-01-05 03:24:00,B,104,A,25,5598.98,USD,Wire,0
2025-01-05 03:35:00,B,80,B,78,589.84,USD,ACH,0
2025-01-05 03:45:00,A,99,A,1,2023.77,USD,Wire,0
2025-01-05 05:15:00,A,99,B,66,1384.53,USD,Wire,0
2025-01-05 05:47:00,A,91,B,66,630.29,USD,Wire,0
2025-01-05 05:48:00,B,58,B,42,613.14,USD,ACH,0
2025-01-05 05:50:00,B,12,B,114,2450.52,USD,ACH,0
2025-01-05 06:21:00,A,1,A,101,5405.07,USD,ACH,0
2025-01-05 07:00:00,B,24,A,5,1567.58,USD,ACH,0
2025-01-05 07:06:00,B,50,B,24,1953.0,USD,ACH,0
2025-01-05 07:13:00,A,85,B,24,3389.0,USD,Cheque,0
2025-01-05 07:13:00,B,52,A,103,620.93,USD,ACH,0
2025-01-05 07:29:00,A,3,B,60,4079.22,USD,Cheque,1
2025-01-05 07:40:00,B,24,B,84,4452.75,USD,Wire,0
2025-01-05 08:18:00,B,112,A,93,31697.37,USD,ACH,0
2025-01-05 08:27:00,A,113,B,88,1195.46,USD,Cheque,0
2025-01-05 08:44:00,A,43,A,11,1092.38,USD,Wire,0
2025-01-05 09:03:00,B,92,B,16,4212.71,USD,Wire,0
2025-01-05 09:54:00,A,83,B,46,4451.58,USD,Wire,0
2025-01-05 10:07:00,A,107,A,39,1003.66,USD,ACH,0
2025-01-05 11:58:00,B,102,B,86,1160.4,USD,Wire,0
2025-01-05 12:12:00,B,72,B,18,3278.84,USD,ACH,0
2025-01-05 12:22:00,A,45,A,43,727.53,USD,Wire,0
2025-01-05 13:14:00,B,72,A,27,1151.03,USD,ACH,0
2025-01-05 14:02:00,A,37,B,22,1995.3,USD,Wire,0
2025-01-05 14:36:00,B,40,B,20,5407.45,USD,ACH,0
2025-01-05 14:57:00,B,70,A,23,929.77,USD,Cheque,0
2025-01-05 15:02:00,B,66,A,65,238.26,USD,Wire,0
2025-01-05 15:14:00,A,67,A,47,219.59,USD,Wire,0
2025-01-05 15:29:00,B,44,B,50,452.44,USD,Wire,0
2025-01-05 15:31:00,A,47,A,55,426.46,USD,Wire,0
2025-01-05 15:41:00,B,2,A,85,1525.27,USD,ACH,0
2025-01-05 16:12:00,A,69,A,99,488.94,USD,ACH,0
2025-01-05 16:42:00,B,66,A,61,834.61,USD,ACH,0
2025-01-05 17:50:00,A,107,B,74,771.63,USD,Cheque,0
2025-01-05 18:25:00,B,58,A,85,1113.7,USD,Wire,0
2025-01-05 18:38:00,B,54,A,79,7744.63,USD,ACH,0
2025-01-05 19:02:00,B,8,B,16,3744.87,USD,ACH,0
2025-01-05 19:06:00,A,23,A,113,1840.41,USD,Wire,0
2025-01-05 20:15:00,A,39,A,19,1088.84,USD,ACH,0
2025-01-05 20:20:00,B,44,A,47,1122.65,USD,Wire,0
2025-01-05 21:06:00,B,42,A,75,2592.87,USD,ACH,0
2025-01-05 21:21:00,A,45,B,46,3437.8,USD,ACH,0
2025-01-05 21:43:00,B,88,B,28,666.22,USD,ACH,0
2025-01-05 22:16:00,A,15,B,106,1882.07,USD,Wire,0
2025-01-05 22:45:00,B,38,A,9,193.49,USD,Cheque,0
2025-01-05 22:47:00,A,19,A,29,2282.18,USD,Wire,0
2025-01-05 23:12:00,B,36,B,114,4181.24,USD,ACH,0
2025-01-05 23:17:00,A,79,B,84,1328.66,USD,Wire,0
2025-01-06 00:28:00,B,6,B,10,13335.43,USD,ACH,0
2025-01-06 00:35:00,A,39,A,87,685.84,USD,ACH,0
2025-01-06 01:25:00,A,3,A,111,2296.6,USD,Wire,0
2025-01-06 01:34:00,A,109,B,12,1738.18,USD,Wire,0
2025-01-06 01:56:00,A,83,B,48,1619.18,USD,ACH,0
2025-01-06 01:58:00,B,28,B,54,1594.39,USD,Wire,0
2025-01-06 02:40:00,A,23,A,15,2034.11,USD,Wire,0
2025-01-06 02:55:00,B,12,A,23,4595.14,USD,Wire,0
2025-01-06 03:20:00,B,54,B,20,8229.74,USD,Wire,0
2025-01-06 04:26:00,B,86,B,22,1803.57,USD,ACH,0
2025-01-06 05:27:00,A,67,A,47,4433.07,USD,Cheque,0
2025-01-06 06:03:00,A,101,A,53,835.52,USD,Wire,0
2025-01-06 06:29:00,B,40,B,28,4198.79,USD,Cheque,0
2025-01-06 07:19:00,B,32,A,33,781.96,USD,Wire,0
2025-01-06 08:45:00,A,55,B,22,6001.27,USD,Wire,0
2025-01-06 09:13:00,B,24,A,91,20572.39,USD,ACH,0
2025-01-06 09:24:00,B,112,A,25,1580.83,USD,Wire,0
2025-01-06 09:43:00,B,22,B,104,162.1,USD,Cheque,0
2025-01-06 10:37:00,A,55,B,62,989.42,USD,ACH,0
2025-01-06 10:47:00,B,60,B,92,7009.79,USD,Cheque,0
2025-01-06 10:55:00,A,7,A,73,3322.21,USD,ACH,0
2025-01-06 12:00:00,B,54,A,31,2377.5,USD,Wire,0
2025-01-06 12:21:00,B,52,A,69,5483.7,USD,Wire,0
2025-01-06 13:11:00,B,30,B,32,3080.66,USD,Wire,0
2025-01-06 14:14:00,A,15,B,14,6901.53,USD,ACH,0
2025-01-06 14:20:00,B,6,B,30,4970.95,USD,ACH,0
2025-01-06 14:43:00,A,1,B,32,9641.87,USD,Wire,0
2025-01-06 15:23:00,A,55,B,16,2682.96,USD,Wire,0
2025-01-06 15:35:00,A,11,A,3,4894.1,USD,Wire,0
2025-01-06 15:43:00,B,110,B,108,1289.69,USD,Cheque,0
2025-01-06 15:59:00,B,28,A,59,932.99,USD,ACH,0
2025-01-06 15:59:00,A,75,B,46,11818.77,USD,ACH,0
2025-01-06 16:00:00,A,77,A,107,2293.48,USD,ACH,1
2025-01-06 16:14:00,A,57,B,26,4382.47,USD,Wire,0
2025-01-06 19:07:00,A,101,B,46,2071.68,USD,ACH,0
2025-01-06 19:57:00,A,13,A,97,948.45,USD,Cheque,0
2025-01-06 20:29:00,A,27,A,73,1830.02,USD,Wire,0
2025-01-07 00:12:00,A,29,B,46,8774.4,USD,ACH,0
2025-01-07 00:54:00,B,16,B,30,3330.12,USD,Wire,0
2025-01-07 02:14:00,B,34,A,5,275.17,USD,ACH,0
2025-01-07 03:15:00,B,36,B,10,1426.86,USD,ACH,0
2025-01-07 03:29:00,B,88,A,19,12842.6,USD,ACH,0
2025-01-07 05:08:00,A,35,B,90,1429.13,USD,Cheque,0
2025-01-07 06:08:00,B,100,A,73,249.5,USD,Wire,0
2025-01-07 07:35:00,A,89,B,50,14506.52,USD,ACH,0
2025-01-07 08:28:00,A,103,B,90,3830.04,USD,ACH,0
2025-01-07 08:42:00,B,12,A,19,1674.02,USD,Cheque,0
2025-01-07 09:15:00,A,113,A,25,1201.64,USD,ACH,0
2025-01-07 10:19:00,B,70,A,45,5946.67,USD,Wire,0
2025-01-07 10:42:00,B,112,A,105,996.07,USD,Cheque,0
2025-01-07 10:55:00,A,41,A,71,6393.79,USD,ACH,0
2025-01-07 12:17:00,A,109,B,98,3282.68,USD,Wire,0
2025-01-07 12:20:00,B,68,A,29,2366.46,USD,Cheque,0
2025-01-07 12:28:00,A,9,A,97,2121.9,USD,ACH,0
2025-01-07 13:00:00,A,47,A,9,1491.5,USD,ACH,1
2025-01-07 13:12:00,B,16,B,26,5711.31,USD,ACH,0
2025-01-07 13:36:00,B,108,B,60,697.93,USD,Wire,0
2025-01-07 13:59:00,A,35,B,6,303.65,USD,ACH,0
2025-01-07 14:13:00,B,26,B,98,3554.2,USD,Wire,0
2025-01-07 14:23:00,B,64,A,99,3620.48,USD,Cheque,0
2025-01-07 14:53:00,A,49,B,62,3066.42,USD,Cheque,0
2025-01-07 15:02:00,B,12,A,35,2831.33,USD,ACH,0
2025-01-07 15:05:00,B,94,B,12,1270.8,USD,ACH,0
2025-01-07 15:42:00,A,97,A,71,4299.4,USD,ACH,0
2025-01-07 16:11:00,A,85,B,62,1719.67,USD,ACH,0
2025-01-07 16:18:00,A,71,A,87,1058.04,USD,Wire,0
2025-01-07 16:27:00,B,46,A,69,1282.95,USD,Cheque,0
2025-01-07 16:53:00,B,62,A,15,16692.31,USD,Cheque,0
2025-01-07 16:58:00,B,60,B,14,268.14,USD,Wire,0
2025-01-07 17:11:00,A,19,B,90,3133.06,USD,Cheque,0
2025-01-07 17:50:00,B,10,A,19,285.14,USD,ACH,0
2025-01-07 17:55:00,A,29,A,107,1605.1,USD,ACH,0
2025-01-07 18:12:00,B,52,A,13,1122.16,USD,ACH,0
2025-01-07 18:33:00,A,19,B,84,182.45,USD,Wire,0
2025-01-07 19:44:00,A,13,B,112,2773.71,USD,Cheque,0
2025-01-07 19:52:00,B,98,A,51,1190.3,USD,Wire,0
2025-01-07 20:01:00,A,43,A,7,179.63,USD,Wire,0
2025-01-07 20:33:00,A,67,B,100,4552.92,USD,Cheque,0
2025-01-07 20:57:00,B,60,B,22,8764.87,USD,Wire,0
2025-01-07 21:15:00,B,84,A,61,9312.72,USD,Wire,1
2025-01-07 21:15:00,A,85,A,113,2683.43,USD,ACH,0
2025-01-07 21:21:00,B,34,A,85,1902.01,USD,Wire,0
2025-01-07 21:30:00,A,97,B,6,7792.93,USD,Wire,0
2025-01-07 22:32:00,A,43,B,94,11505.98,USD,Wire,0
2025-01-07 22:51:00,B,96,A,19,6291.32,USD,Cheque,0
2025-01-07 23:35:00,A,47,B,86,641.82,USD,Wire,0
2025-01-07 23:51:00,A,13,A,71,2256.29,USD,Cheque,0
2025-01-08 00:20:00,A,87,A,33,2932.08,USD,Cheque,0
2025-01-08 00:24:00,B,4,A,49,247.01,USD,Wire,0
2025-01-08 02:16:00,A,89,B,14,3029.94,USD,ACH,0
2025-01-08 03:00:00,A,5,A,113,22032.88,USD,Wire,0
2025-01-08 03:07:00,B,24,B,28,3655.29,USD,Cheque,0
2025-01-08 03:48:00,A,69,B,36,9143.1,USD,Wire,0
2025-01-08 04:00:00,B,108,B,58,2211.01,USD,Cheque,0
2025-01-08 05:02:00,A,47,A,77,1668.13,USD,Wire,0
2025-01-08 06:09:00,B,14,B,58,2750.12,USD,ACH,0
2025-01-08 07:29:00,A,27,B,58,737.0,USD,Wire,0
2025-01-08 08:22:00,A,103,A,67,626.31,USD,ACH,0
2025-01-08 08:43:00,A,83,B,98,7280.36,USD,Wire,0
2025-01-08 09:05:00,B,12,B,46,8181.06,USD,Wire,0
2025-01-08 09:18:00,B,44,A,95,607.76,USD,Wire,0
2025-01-08 10:39:00,A,31,B,90,5243.78,USD,Cheque,0
2025-01-08 10:49:00,A,21,B,110,1643.11,USD,Cheque,0
2025-01-08 11:03:00,A,97,A,105,2627.5,USD,ACH,0
2025-01-08 11:24:00,A,71,A,91,2999.62,USD,ACH,0
2025-01-08 11:25:00,A,21,A,29,5398.01,USD,ACH,0
2025-01-08 12:33:00,A,75,A,89,1980.27,USD,Wire,0
2025-01-08 12:36:00,B,48,B,84,8528.58,USD,ACH,0
2025-01-08 12:40:00,B,8,B,34,2541.1,USD,Cheque,1
2025-01-08 13:47:00,B,52,B,78,3592.5,USD,ACH,0
2025-01-08 13:56:00,B,22,A,29,723.0,USD,ACH,0
2025-01-08 14:05:00,B,28,B,60,19429.06,USD,ACH,0
2025-01-08 14:56:00,A,101,A,91,3031.48,USD,ACH,0
2025-01-08 16:10:00,A,81,B,22,3961.18,USD,ACH,0
2025-01-08 16:40:00,B,16,A,39,308.28,USD,Wire,0
2025-01-08 16:41:00,B,98,A,91,731.45,USD,ACH,0
2025-01-08 17:22:00,B,66,B,52,7056.27,USD,Cheque,0
2025-01-08 17:50:00,B,100,B,110,2478.92,USD,ACH,0
2025-01-08 17:58:00,B,86,A,1,220.27,USD,ACH,0
2025-01-08 18:13:00,A,39,A,83,5665.32,USD,Wire,0
2025-01-08 18:49:00,A,61,A,93,994.1,USD,Wire,0
2025-01-08 18:52:00,A,61,A,105,8539.42,USD,Wire,0
2025-01-08 19:41:00,A,83,B,18,1641.52,USD,Cheque,0
2025-01-08 20:30:00,A,29,A,113,2264.65,USD,Wire,0
2025-01-08 20:34:00,B,38,A,45,6613.38,USD,ACH,0
2025-01-08 20:59:00,B,28,A,41,673.68,USD,Cheque,0
2025-01-08 21:05:00,B,34,A,41,606.6,USD,ACH,0
2025-01-08 21:41:00,A,19,A,73,1456.59,USD,Wire,0
2025-01-08 22:20:00,A,5,B,76,4491.27,USD,Cheque,0
2025-01-08 22:47:00,B,108,A,55,418.23,USD,Wire,0
2025-01-08 23:12:00,A,9,A,9,288.63,USD,ACH,0
2025-01-08 23:13:00,B,102,A,113,4474.25,USD,Wire,0
2025-01-08 23:19:00,A,1,B,26,931.43,USD,Wire,0
2025-01-08 23:20:00,A,89,A,11,1174.45,USD,Wire,0
2025-01-09 00:29:00,B,38,A,69,234.51,USD,ACH,0
2025-01-09 01:24:00,B,60,B,48,856.73,USD,Wire,1
2025-01-09 01:29:00,A,33,A,71,1793.05,USD,ACH,0
2025-01-09 01:38:00,B,56,B,100,5031.21,USD,ACH,0
2025-01-09 01:41:00,B,52,B,12,774.06,USD,ACH,0
2025-01-09 01:45:00,A,61,A,33,11193.78,USD,Wire,0
2025-01-09 02:08:00,A,45,A,59,851.49,USD,Wire,0
2025-01-09 02:46:00,B,62,B,90,852.86,USD,Wire,0
2025-01-09 02:52:00,A,95,A,69,9809.37,USD,Wire,0
2025-01-09 03:29:00,B,50,B,44,2281.54,USD,ACH,0
2025-01-09 04:15:00,B,42,B,70,985.13,USD,Wire,0
2025-01-09 05:17:00,B,16,B,112,1524.4,USD,Wire,0
2025-01-09 05:19:00,B,42,A,55,8009.48,USD,Wire,0
2025-01-09 06:04:00,A,15,A,101,9070.87,USD,Cheque,0
2025-01-09 06:28:00,A,21,A,89,736.22,USD,Wire,0
2025-01-09 07:09:00,A,109,A,35,1725.59,USD,ACH,0
2025-01-09 07:16:00,A,11,A,29,1996.54,USD,Wire,0
2025-01-09 07:30:00,A,55,B,88,611.02,USD,ACH,0
2025-01-09 08:06:00,B,96,B,24,1700.62,USD,ACH,0
2025-01-09 08:42:00,A,109,A,39,1818.66,USD,Wire,0
2025-01-09 08:47:00,A,17,A,27,6337.44,USD,Wire,0
2025-01-09 08:53:00,A,19,B,70,6823.77,USD,Wire,0
2025-01-09 09:11:00,A,43,B,34,1258.74,USD,Wire,0
2025-01-09 09:23:00,B,64,B,76,1428.89,USD,Wire,0
2025-01-09 09:35:00,B,110,A,107,3754.54,USD,ACH,0
2025-01-09 10:14:00,B,24,A,95,949.84,USD,ACH,0
2025-01-09 10:30:00,A,19,A,109,3454.75,USD,Wire,0
2025-01-09 10:36:00,A,29,A,3,1641.4,USD,Cheque,0
2025-01-09 10:49:00,B,100,B,52,622.45,USD,Wire,0
2025-01-09 10:53:00,B,4,B,26,631.11,USD,ACH,0
2025-01-09 10:59:00,B,44,A,105,8881.84,USD,Wire,0
2025-01-09 11:03:00,B,14,B,82,1522.24,USD,ACH,0
2025-01-09 12:15:00,B,18,A,37,10986.14,USD,ACH,0
2025-01-09 12:45:00,A,105,A,65,1027.62,USD,Wire,0
2025-01-09 12:56:00,A,1,B,70,2490.72,USD,Wire,0
2025-01-09 13:36:00,A,37,A,57,25133.19,USD,Wire,0
2025-01-09 13:38:00,A,105,A,55,565.03,USD,ACH,0
2025-01-09 13:51:00,B,70,A,7,224.17,USD,Cheque,0
2025-01-09 14:39:00,A,9,B,52,7444.64,USD,ACH,0
2025-01-09 15:25:00,B,54,B,40,728.15,USD,ACH,0
2025-01-09 16:17:00,A,111,B,94,1767.33,USD,ACH,0
2025-01-09 16:32:00,B,46,A,99,949.08,USD,Cheque,0
2025-01-09 16:32:00,A,61,B,86,2428.38,USD,Cheque,0
2025-01-09 16:57:00,A,61,B,4,635.5,USD,ACH,0
2025-01-09 17:54:00,B,76,B,96,1483.36,USD,Wire,0
2025-01-09 18:02:00,B,22,B,46,2965.49,USD,ACH,0
2025-01-09 18:20:00,B,96,B,48,596.37,USD,Wire,0
2025-01-09 18:49:00,A,113,B,108,837.07,USD,Wire,0
2025-01-09 18:56:00,A,17,A,99,1233.83,USD,ACH,0
2025-01-09 19:18:00,B,94,B,6,375.52,USD,Wire,0
2025-01-09 19:18:00,B,94,B,42,1135.9,USD,Wire,0
2025-01-09 19:56:00,A,85,B,86,2060.44,USD,Wire,0
2025-01-09 20:08:00,A,43,B,62,1165.02,USD,Cheque,0
2025-01-09 20:18:00,B,54,B,30,1341.42,USD,ACH,0
2025-01-09 20:29:00,B,96,B,60,1768.89,USD,Wire,0
2025-01-09 20:39:00,B,18,A,99,878.91,USD,Wire,0
2025-01-09 21:03:00,A,95,B,26,3866.75,USD,Cheque,0
2025-01-09 21:07:00,A,105,B,86,8774.24,USD,ACH,0
2025-01-09 21:41:00,B,78,B,84,1084.83,USD,Wire,0
2025-01-09 22:10:00,A,39,A,101,3083.18,USD,ACH,0
2025-01-09 22:20:00,B,64,B,34,1389.11,USD,ACH,0
2025-01-09 22:40:00,B,6,A,25,2702.78,USD,Wire,0
2025-01-09 23:19:00,A,107,A,63,10120.9,USD,ACH,0
2025-01-09 23:29:00,B,40,A,61,3163.79,USD,ACH,0
2025-01-09 23:30:00,A,7,A,47,257.04,USD,Cheque,0
2025-01-09 23:51:00,A,91,A,89,2979.16,USD,Wire,0
2025-01-10 00:42:00,A,75,B,92,7017.41,USD,ACH,0
2025-01-10 01:06:00,A,71,A,29,1416.92,USD,ACH,0
2025-01-10 02:34:00,A,7,A,91,5405.64,USD,ACH,0
2025-01-10 02:37:00,B,86,A,27,846.3,USD,ACH,0
2025-01-10 02:57:00,A,73,A,47,352.8,USD,Cheque,0
2025-01-10 04:04:00,A,91,B,4,2111.78,USD,ACH,0
2025-01-10 04:39:00,A,95,A,39,261.88,USD,ACH,0
2025-01-10 04:48:00,A,25,B,110,1388.88,USD,Wire,0
2025-01-10 05:40:00,A,25,A,51,7446.7,USD,Wire,0
2025-01-10 05:53:00,B,106,A,81,221.24,USD,Wire,0
2025-01-10 06:30:00,A,61,A,13,442.55,USD,ACH,0
2025-01-10 06:48:00,B,50,A,73,581.01,USD,Wire,0
2025-01-10 07:50:00,A,33,A,43,1686.39,USD,ACH,0
2025-01-10 08:11:00,A,73,A,85,1209.2,USD,Wire,0
2025-01-10 08:12:00,B,86,B,106,8425.77,USD,Wire,0
2025-01-10 08:32:00,A,1,A,61,5165.63,USD,ACH,0
2025-01-10 08:36:00,B,64,B,12,3117.54,USD,Wire,0
2025-01-10 08:38:00,B,114,A,55,2122.17,USD,ACH,0
2025-01-10 09:30:00,B,32,A,15,2786.53,USD,Wire,0
2025-01-10 11:17:00,A,33,B,52,700.52,USD,ACH,0
2025-01-10 11:26:00,A,101,A,7,4642.14,USD,Wire,0
2025-01-10 11:42:00,B,8,B,74,532.06,USD,ACH,0
2025-01-10 11:46:00,B,46,B,36,4531.98,USD,ACH,0
2025-01-10 12:52:00,A,53,A,23,6665.88,USD,Wire,0
2025-01-10 13:46:00,A,91,B,2,2280.05,USD,Wire,0
2025-01-10 14:13:00,A,15,B,102,1489.46,USD,Wire,0
2025-01-10 14:17:00,B,50,B,96,2808.32,USD,Cheque,0
2025-01-10 14:41:00,B,18,A,93,77.66,USD,ACH,0
2025-01-10 15:12:00,B,90,A,7,2521.18,USD,Wire,0
2025-01-10 16:50:00,A,73,B,40,1596.09,USD,Wire,0
2025-01-10 16:59:00,A,57,A,111,1710.1,USD,Cheque,0
2025-01-10 17:05:00,A,45,B,66,3933.11,USD,Cheque,0
2025-01-10 17:11:00,B,18,A,15,1665.29,USD,ACH,0
2025-01-10 17:31:00,B,106,A,17,515.83,USD,Cheque,0
2025-01-10 17:52:00,B,74,B,30,1547.59,USD,ACH,0
2025-01-10 19:47:00,A,37,A,111,1947.52,USD,ACH,0
2025-01-10 19:47:00,B,48,B,20,2051.71,USD,Wire,0
2025-01-10 22:14:00,A,83,A,103,2160.54,USD,Wire,0
2025-01-11 00:28:00,A,83,B,78,5672.05,USD,Wire,0
2025-01-11 02:21:00,A,53,B,106,547.5,USD,Cheque,0
2025-01-11 02:26:00,A,35,A,95,2193.54,USD,Wire,0
2025-01-11 03:08:00,B,76,B,38,7472.04,USD,ACH,0
2025-01-11 04:23:00,B,76,A,95,268.25,USD,ACH,0
2025-01-11 04:32:00,A,69,B,20,2203.08,USD,Cheque,0
2025-01-11 04:44:00,A,9,B,34,949.64,USD,ACH,0
2025-01-11 05:13:00,B,54,A,25,1202.57,USD,Wire,0
2025-01-11 05:32:00,B,70,B,16,668.28,USD,ACH,0
2025-01-11 06:07:00,A,109,A,11,1500.41,USD,Wire,0
2025-01-11 06:12:00,B,60,B,22,13703.15,USD,ACH,0
2025-01-11 06:21:00,B,40,B,14,449.95,USD,ACH,0
2025-01-11 06:23:00,B,64,B,44,499.41,USD,ACH,0
2025-01-11 06:45:00,A,21,A,9,431.76,USD,ACH,0
2025-01-11 06:58:00,A,11,A,7,12090.32,USD,Wire,0
2025-01-11 07:57:00,B,78,A,113,1087.27,USD,ACH,0
2025-01-11 08:33:00,A,113,B,10,1757.76,USD,Cheque,0
2025-01-11 08:56:00,A,97,A,9,1160.89,USD,ACH,0
2025-01-11 09:10:00,A,67,B,4,639.79,USD,Wire,0
2025-01-11 09:15:00,A,5,B,16,1395.96,USD,Wire,0
2025-01-11 09:25:00,A,113,A,61,27012.85,USD,Cheque,0
2025-01-11 10:09:00,B,52,A,95,8360.54,USD,Wire,0
2025-01-11 10:27:00,B,34,B,84,707.52,USD,ACH,0
2025-01-11 11:04:00,B,102,A,67,3686.13,USD,ACH,0
2025-01-11 11:05:00,B,86,B,10,724.39,USD,ACH,0
2025-01-11 11:27:00,B,86,A,89,256.21,USD,Wire,0
2025-01-11 12:54:00,B,32,A,5,5549.49,USD,ACH,0
2025-01-11 12:55:00,B,114,B,72,6477.58,USD,Wire,0
2025-01-11 14:59:00,B,52,A,47,5713.9,USD,Cheque,0
2025-01-11 15:21:00,A,61,A,101,1078.31,USD,ACH,0
2025-01-11 16:02:00,B,86,B,36,1505.0,USD,Wire,0
2025-01-11 16:34:00,B,76,A,73,4124.67,USD,Wire,0
2025-01-11 17:35:00,B,20,A,51,2781.22,USD,Wire,0
2025-01-11 17:59:00,A,35,B,60,1172.62,USD,Cheque,0
2025-01-11 18:11:00,B,42,B,108,304.61,USD,ACH,0
2025-01-11 18:23:00,A,109,B,82,2049.32,USD,Wire,0
2025-01-11 18:46:00,B,82,B,48,5924.85,USD,Wire,0
2025-01-11 19:36:00,B,42,B,52,484.27,USD,Cheque,0
2025-01-11 20:23:00,B,84,A,81,3650.56,USD,Wire,0
2025-01-11 20:37:00,A,85,B,40,2603.72,USD,ACH,0
2025-01-11 22:42:00,A,45,B,20,4126.41,USD,ACH,0
2025-01-11 23:05:00,B,46,B,54,4718.15,USD,ACH,0
2025-01-11 23:40:00,B,102,B,8,842.26,USD,ACH,0
2025-01-11 23:48:00,A,65,B,20,305.32,USD,Cheque,0
2025-01-12 00:23:00,B,18,B,48,1005.39,USD,ACH,0
2025-01-12 00:31:00,A,83,A,91,4808.02,USD,Wire,0
2025-01-12 00:51:00,B,68,B,90,996.05,USD,Wire,0
2025-01-12 02:44:00,A,59,B,30,842.65,USD,ACH,0
2025-01-12 03:10:00,A,83,A,49,243.84,USD,Wire,0
2025-01-12 03:49:00,B,104,B,18,12430.55,USD,ACH,0
2025-01-12 05:19:00,B,38,A,87,4484.06,USD,ACH,0
2025-01-12 05:42:00,B,48,A,29,4217.03,USD,ACH,0
2025-01-12 06:25:00,B,22,B,92,5242.21,USD,Wire,0
2025-01-12 07:30:00,B,74,B,96,3409.7,USD,Cheque,0
2025-01-12 07:33:00,B,46,A,79,1381.93,USD,ACH,0
2025-01-12 09:05:00,B,40,B,38,1509.99,USD,Wire,0
2025-01-12 09:18:00,B,80,A,109,1129.67,USD,Cheque,0
2025-01-12 09:22:00,A,47,A,79,32801.02,USD,ACH,0
2025-01-12 10:08:00,A,53,B,74,3332.58,USD,ACH,0
2025-01-12 10:31:00,A,51,B,98,1085.53,USD,ACH,0
2025-01-12 10:42:00,B,30,A,101,3017.09,USD,Wire,0
2025-01-12 10:58:00,A,15,A,9,594.69,USD,Cheque,0
2025-01-12 11:36:00,A,95,A,101,9461.23,USD,Cheque,0
2025-01-12 11:40:00,A,11,B,88,873.78,USD,Wire,0
2025-01-12 12:05:00,B,38,B,24,3137.54,USD,Wire,0
2025-01-12 12:34:00,A,77,B,36,5840.52,USD,Wire,0
2025-01-12 12:34:00,A,15,B,86,2760.72,USD,Wire,0
2025-01-12 12:44:00,A,75,A,25,2006.04,USD,Cheque,0
2025-01-12 13:14:00,B,84,B,52,1829.65,USD,Wire,0
2025-01-12 14:43:00,B,76,A,79,1699.2,USD,Cheque,0
2025-01-12 14:52:00,A,35,A,75,958.75,USD,Wire,0
2025-01-12 15:01:00,A,3,B,104,1102.76,USD,ACH,0
2025-01-12 15:13:00,B,102,A,13,9205.44,USD,Wire,0
2025-01-12 15:25:00,B,38,B,34,1604.57,USD,ACH,0
2025-01-12 15:43:00,B,92,A,113,761.75,USD,Wire,0
2025-01-12 15:57:00,A,23,A,65,1024.62,USD,Cheque,0
2025-01-12 16:07:00,A,19,A,29,6065.72,USD,Wire,0
2025-01-12 16:08:00,A,89,B,34,3801.56,USD,Wire,0
2025-01-12 16:14:00,B,108,A,39,3348.82,USD,Cheque,0
2025-01-12 16:43:00,A,99,B,64,1362.02,USD,ACH,0
2025-01-12 16:52:00,B,86,A,33,3397.17,USD,ACH,0
2025-01-12 17:00:00,A,29,A,71,890.77,USD,Wire,0
2025-01-12 17:08:00,A,105,A,51,1358.89,USD,Wire,0
2025-01-12 17:09:00,A,77,B,70,5254.21,USD,ACH,0
2025-01-12 17:18:00,B,20,B,18,4730.12,USD,Cheque,0
2025-01-12 17:38:00,A,15,B,72,613.94,USD,Wire,0
2025-01-12 18:25:00,B,100,B,106,705.51,USD,ACH,0
2025-01-12 18:29:00,B,32,B,16,2037.69,USD,Cheque,0
2025-01-12 20:47:00,B,88,B,38,12073.23,USD,ACH,0
2025-01-12 21:14:00,B,16,B,80,219.84,USD,Wire,0
2025-01-12 21:31:00,B,32,A,71,2455.7,USD,Wire,0
2025-01-12 22:11:00,A,33,A,77,397.96,USD,Wire,0
2025-01-12 23:02:00,A,33,B,64,899.86,USD,ACH,0
2025-01-12 23:33:00,A,77,B,78,1210.91,USD,Wire,0
2025-01-13 00:27:00,A,105,B,70,1138.47,USD,ACH,0
2025-01-13 01:32:00,B,104,A,9,1005.08,USD,ACH,0
2025-01-13 01:50:00,A,85,B,86,1822.43,USD,ACH,0
2025-01-13 01:51:00,B,24,A,51,1003.47,USD,Wire,0
2025-01-13 01:54:00,B,110,B,6,361.87,USD,Wire,0
2025-01-13 02:21:00,B,62,A,47,4263.55,USD,Cheque,0
2025-01-13 02:21:00,A,63,B,50,4138.79,USD,Cheque,0
2025-01-13 02:57:00,B,80,B,10,4571.02,USD,ACH,0
2025-01-13 02:59:00,B,88,B,114,332.02,USD,Wire,0
2025-01-13 03:23:00,A,109,B,26,2511.94,USD,ACH,0
2025-01-13 03:26:00,A,67,B,38,3803.12,USD,Wire,0
2025-01-13 03:29:00,B,70,A,51,581.54,USD,Wire,0
2025-01-13 03:32:00,A,85,A,95,1826.38,USD,Wire,0
2025-01-13 03:34:00,B,30,A,85,1590.98,USD,ACH,0
2025-01-13 03:51:00,B,36,B,88,13716.65,USD,Wire,0
2025-01-13 04:23:00,B,72,B,28,15017.11,USD,Wire,0
2025-01-13 04:27:00,B,8,A,97,289.8,USD,ACH,0
2025-01-13 05:26:00,A,37,A,95,28094.24,USD,Cheque,0
2025-01-13 05:28:00,B,82,A,53,660.67,USD,Wire,0
2025-01-13 05:45:00,B,112,A,63,5317.4,USD,Wire,0
2025-01-13 06:16:00,B,60,A,5,5258.22,USD,Cheque,0
2025-01-13 06:35:00,B,46,A,87,604.71,USD,Wire,0
2025-01-13 06:55:00,A,51,B,110,3110.67,USD,Wire,0
2025-01-13 06:56:00,A,79,B,54,1606.34,USD,ACH,0
2025-01-13 07:25:00,A,63,B,62,3326.79,USD,Wire,0
2025-01-13 07:44:00,A,3,A,57,2330.27,USD,Cheque,0
2025-01-13 08:27:00,B,62,B,10,6741.07,USD,Wire,0
2025-01-13 09:14:00,B,46,A,71,1964.39,USD,Wire,0
2025-01-13 09:28:00,B,80,A,83,1503.18,USD,Wire,0
2025-01-13 09:58:00,B,100,B,106,6037.05,USD,Wire,0
2025-01-13 10:12:00,B,110,B,106,3423.56,USD,Wire,0
2025-01-13 10:41:00,B,70,A,57,4044.02,USD,Wire,0
2025-01-13 11:09:00,B,42,B,110,870.4,USD,ACH,0
2025-01-13 11:30:00,A,51,A,61,572.61,USD,ACH,0
2025-01-13 11:49:00,A,21,B,74,968.26,USD,Wire,0
2025-01-13 12:04:00,A,107,A,69,913.33,USD,Cheque,1
2025-01-13 12:04:00,A,97,B,114,4293.34,USD,Cheque,0
2025-01-13 12:23:00,B,98,A,85,5290.05,USD,ACH,0
2025-01-13 12:24:00,B,38,B,14,1524.4,USD,Wire,0
2025-01-13 13:11:00,A,37,A,9,8725.55,USD,Wire,0
2025-01-13 13:13:00,B,98,A,47,8146.28,USD,Wire,0
2025-01-13 13:34:00,A,63,A,59,2363.12,USD,Wire,0
2025-01-13 13:42:00,A,81,A,77,732.1,USD,Wire,0
2025-01-13 13:54:00,B,56,A,55,10228.31,USD,ACH,0
2025-01-13 13:58:00,A,51,A,59,1690.67,USD,ACH,0
2025-01-13 14:07:00,A,73,B,106,2077.21,USD,Wire,0
2025-01-13 14:12:00,A,93,A,39,1244.43,USD,Cheque,0
2025-01-13 14:17:00,A,39,A,57,679.41,USD,Wire,0
2025-01-13 14:39:00,A,93,B,64,359.42,USD,Cheque,0
2025-01-13 14:42:00,B,28,B,54,3626.98,USD,Cheque,0
2025-01-13 16:36:00,B,46,A,111,763.76,USD,Wire,0
2025-01-13 16:36:00,A,105,B,110,52338.33,USD,ACH,0
2025-01-13 17:01:00,A,109,A,59,547.48,USD,ACH,0
2025-01-13 17:18:00,B,106,B,52,453.45,USD,ACH,0
2025-01-13 17:50:00,A,37,B,68,3168.94,USD,ACH,0
2025-01-13 18:12:00,A,97,A,21,9722.95,USD,Cheque,0
2025-01-13 18:16:00,A,107,A,49,1941.17,USD,Wire,0
2025-01-13 18:33:00,B,112,A,25,3392.99,USD,Wire,0
2025-01-13 19:23:00,A,3,A,17,237.96,USD,Cheque,0
2025-01-13 20:08:00,A,85,A,11,858.11,USD,Wire,0
2025-01-13 20:09:00,B,114,A,67,555.03,USD,ACH,0
2025-01-13 20:23:00,B,88,A,1,224.85,USD,Wire,0
2025-01-13 20:24:00,A,27,B,74,2056.33,USD,Wire,0
2025-01-13 21:08:00,A,87,B,50,153.38,USD,Wire,0
2025-01-13 21:27:00,B,12,B,42,422.24,USD,ACH,0
2025-01-13 21:36:00,A,55,B,88,1001.33,USD,Wire,0
2025-01-13 22:14:00,B,72,B,62,724.58,USD,Wire,1
2025-01-13 22:22:00,A,53,B,84,2796.29,USD,Wire,0
2025-01-13 23:00:00,B,80,A,81,2530.41,USD,ACH,0
2025-01-13 23:05:00,B,28,B,4,4832.79,USD,ACH,0
2025-01-13 23:08:00,B,70,A,25,4136.57,USD,Wire,0
2025-01-13 23:16:00,B,74,A,65,6341.65,USD,ACH,0
2025-01-14 00:27:00,A,73,B,112,1804.23,USD,Wire,0
2025-01-14 01:08:00,A,33,B,18,2524.54,USD,ACH,0
2025-01-14 01:38:00,A,35,A,13,3173.74,USD,Wire,0
2025-01-14 01:38:00,B,30,B,108,2112.91,USD,Cheque,0
2025-01-14 01:53:00,A,53,A,111,1168.04,USD,ACH,0
2025-01-14 01:58:00,A,67,B,20,1254.28,USD,Cheque,0
2025-01-14 02:04:00,B,42,B,46,735.6,USD,Wire,0
2025-01-14 03:23:00,A,47,B,72,2874.92,USD,ACH,0
2025-01-14 03:32:00,A,33,A,23,1630.4,USD,ACH,0
2025-01-14 03:32:00,A,25,B,38,871.76,USD,Cheque,0
2025-01-14 04:01:00,A,75,B,46,872.65,USD,ACH,0
2025-01-14 04:34:00,B,94,B,74,477.5,USD,ACH,0
2025-01-14 04:53:00,B,34,B,36,5306.7,USD,Wire,0
2025-01-14 06:11:00,A,99,A,47,1971.36,USD,ACH,0
2025-01-14 06:37:00,B,66,B,34,699.89,USD,Wire,0
2025-01-14 06:38:00,B,20,A,87,4400.19,USD,ACH,0
2025-01-14 07:28:00,B,42,B,18,976.04,USD,Wire,0
2025-01-14 07:40:00,A,1,A,27,384.85,USD,Wire,0
2025-01-14 07:49:00,A,5,A,29,5559.95,USD,Cheque,0
2025-01-14 08:02:00,A,39,B,104,1001.44,USD,Cheque,0
2025-01-14 08:43:00,B,52,B,108,1153.1,USD,ACH,0
2025-01-14 08:53:00,A,91,B,58,1891.83,USD,ACH,0
2025-01-14 09:08:00,B,16,B,18,6354.05,USD,Wire,0
2025-01-14 09:19:00,B,96,A,87,1848.34,USD,Wire,0
2025-01-14 10:08:00,A,27,A,57,483.46,USD,Wire,0
2025-01-14 10:22:00,B,16,A,97,3288.76,USD,Cheque,0
2025-01-14 11:10:00,B,80,B,42,1060.52,USD,Cheque,0
2025-01-14 12:06:00,A,89,B,114,14424.98,USD,ACH,0
2025-01-14 12:17:00,A,69,B,92,1805.82,USD,ACH,0
2025-01-14 15:02:00,B,14,B,26,154.7,USD,Wire,0
2025-01-14 15:38:00,B,14,A,83,2678.74,USD,Cheque,0
2025-01-14 16:03:00,A,45,A,33,15352.87,USD,ACH,0
2025-01-14 16:19:00,B,52,B,40,10234.43,USD,Cheque,0
2025-01-14 16:46:00,B,114,A,29,13548.75,USD,Wire,0
2025-01-14 16:56:00,A,33,B,78,588.9,USD,Wire,0
2025-01-14 17:04:00,B,22,B,30,4931.35,USD,Wire,0
2025-01-14 17:24:00,B,108,A,73,817.14,USD,Wire,0
2025-01-14 17:37:00,B,18,A,67,2313.97,USD,ACH,0
2025-01-14 17:45:00,B,4,B,86,445.75,USD,Wire,0
2025-01-14 18:43:00,A,49,B,114,889.89,USD,Cheque,0
2025-01-14 19:08:00,B,46,B,2,859.31,USD,Cheque,0
2025-01-14 19:21:00,A,71,A,113,4858.14,USD,ACH,0
2025-01-14 19:29:00,A,101,A,13,4362.46,USD,Wire,0
2025-01-14 19:57:00,A,107,A,61,2451.61,USD,Wire,0
2025-01-14 20:03:00,B,34,A,39,409.34,USD,Wire,0
2025-01-14 20:41:00,B,112,A,73,1283.31,USD,Wire,0
2025-01-14 21:03:00,A,73,A,83,795.74,USD,Wire,0
2025-01-14 21:10:00,B,8,A,99,4706.23,USD,ACH,0
2025-01-14 21:55:00,A,107,B,46,6607.78,USD,Wire,0
2025-01-14 22:12:00,B,16,A,107,5779.22,USD,Wire,0
2025-01-14 22:30:00,B,68,A,37,787.81,USD,Wire,0
2025-01-14 23:12:00,A,91,B,24,88.81,USD,ACH,0
2025-01-14 23:26:00,A,29,B,44,258.87,USD,ACH,0
2025-01-14 23:32:00,A,31,A,61,8636.82,USD,ACH,0
2025-01-15 00:14:00,A,55,A,77,1162.84,USD,Cheque,0
2025-01-15 00:29:00,A,101,A,95,791.72,USD,ACH,0
2025-01-15 00:42:00,B,26,B,26,11014.04,USD,ACH,0
2025-01-15 01:10:00,B,76,A,35,7271.2,USD,Wire,0
2025-01-15 01:57:00,B,52,B,108,1857.33,USD,Cheque,0
2025-01-15 02:05:00,A,13,A,51,1309.31,USD,ACH,0
2025-01-15 02:13:00,B,82,B,28,1563.51,USD,Wire,0
2025-01-15 02:26:00,A,95,A,113,2321.29,USD,ACH,0
2025-01-15 03:02:00,B,66,B,52,10509.68,USD,Cheque,0
2025-01-15 03:02:00,A,21,A,113,2877.61,USD,Cheque,0
2025-01-15 03:13:00,B,18,A,105,4018.37,USD,Wire,0
2025-01-15 03:22:00,A,49,B,104,6543.3,USD,ACH,0
2025-01-15 03:23:00,B,58,A,67,499.37,USD,ACH,0
2025-01-15 03:46:00,A,63,B,92,4147.86,USD,Wire,0
2025-01-15 04:15:00,B,28,B,110,1307.63,USD,Wire,0
2025-01-15 04:46:00,B,58,A,31,113.56,USD,Wire,0
2025-01-15 05:29:00,B,34,A,5,173.99,USD,Wire,0
2025-01-15 05:29:00,A,79,A,37,589.97,USD,ACH,0
2025-01-15 05:35:00,A,91,A,73,3243.3,USD,Cheque,0
2025-01-15 05:36:00,A,75,A,63,2049.15,USD,Wire,0
2025-01-15 05:37:00,A,1,B,10,2214.55,USD,Wire,0
2025-01-15 06:15:00,B,114,B,64,15460.41,USD,ACH,0
2025-01-15 08:33:00,A,3,B,20,447.65,USD,Wire,0
2025-01-15 08:33:00,B,114,B,58,1754.3,USD,ACH,0
2025-01-15 08:53:00,B,4,B,66,2527.23,USD,Wire,1
2025-01-15 09:33:00,A,59,A,73,804.4,USD,Wire,0
2025-01-15 09:49:00,A,13,B,48,1865.27,USD,ACH,0
2025-01-15 10:07:00,A,11,A,47,311.08,USD,Wire,0
2025-01-15 10:07:00,B,78,B,78,8526.18,USD,ACH,0
2025-01-15 10:27:00,A,83,B,86,854.25,USD,Wire,0
2025-01-15 10:44:00,B,14,A,93,16891.07,USD,ACH,0
2025-01-15 10:48:00,B,112,A,39,1744.6,USD,ACH,0
2025-01-15 11:25:00,A,37,A,49,5601.89,USD,ACH,0
2025-01-15 11:53:00,A,37,B,38,1705.08,USD,Wire,0
2025-01-15 12:40:00,B,34,A,61,1747.92,USD,ACH,0
2025-01-15 12:57:00,A,53,A,15,951.05,USD,ACH,0
2025-01-15 13:37:00,A,21,B,50,2061.18,USD,Wire,0
2025-01-15 13:48:00,A,49,B,22,2565.22,USD,Wire,0
2025-01-15 13:53:00,B,24,A,61,763.04,USD,ACH,0
2025-01-15 14:07:00,B,6,A,97,1575.69,USD,Wire,0
2025-01-15 15:09:00,A,43,A,113,924.17,USD,ACH,0
2025-01-15 15:12:00,A,77,A,51,22688.89,USD,ACH,0
2025-01-15 15:36:00,A,87,A,7,1638.11,USD,Wire,0
2025-01-15 15:57:00,A,41,B,26,9894.71,USD,Cheque,0
2025-01-15 16:15:00,A,37,B,12,1457.99,USD,Cheque,0
2025-01-15 16:51:00,B,90,A,87,2404.79,USD,Wire,0
2025-01-15 17:21:00,B,78,A,113,422.63,USD,ACH,0
2025-01-15 17:43:00,A,95,B,64,1105.68,USD,Wire,0
2025-01-15 17:47:00,B,104,A,21,2279.22,USD,Wire,0
2025-01-15 19:51:00,B,94,A,3,10348.58,USD,ACH,1
2025-01-15 19:56:00,A,107,B,112,2308.1,USD,Wire,0
2025-01-15 20:34:00,B,48,A,37,8284.09,USD,ACH,0
2025-01-15 20:40:00,A,45,A,13,3658.48,USD,Wire,0
2025-01-15 20:50:00,A,37,A,21,10830.72,USD,Cheque,0
2025-01-15 21:03:00,A,27,B,30,1694.35,USD,Wire,0
2025-01-15 21:06:00,B,86,A,75,25065.43,USD,ACH,0
2025-01-15 21:38:00,B,82,B,102,1060.04,USD,ACH,0
2025-01-15 21:59:00,B,92,B,32,778.13,USD,ACH,0
2025-01-15 22:16:00,B,20,A,79,477.68,USD,ACH,0
2025-01-15 22:33:00,A,57,B,8,23485.23,USD,ACH,0
2025-01-15 22:57:00,B,26,B,2,4453.26,USD,ACH,0
2025-01-15 23:48:00,B,102,A,7,1251.96,USD,Cheque,0
2025-01-16 00:14:00,A,31,B,106,7143.26,USD,ACH,0
2025-01-16 00:32:00,A,17,A,67,3852.44,USD,ACH,0
2025-01-16 01:13:00,A,65,B,92,15720.8,USD,ACH,0
2025-01-16 02:33:00,A,101,A,3,329.44,USD,Wire,0
2025-01-16 02:46:00,A,105,A,3,1350.33,USD,Cheque,0
2025-01-16 03:04:00,A,11,A,97,1087.05,USD,ACH,0
2025-01-16 03:09:00,B,38,B,12,206.22,USD,Wire,0
2025-01-16 03:27:00,B,18,B,18,5804.33,USD,Wire,0
2025-01-16 03:43:00,B,36,B,60,1342.87,USD,ACH,0
2025-01-16 04:23:00,A,61,B,70,4078.95,USD,Wire,0
2025-01-16 04:46:00,B,32,A,27,24239.75,USD,Wire,0
2025-01-16 04:54:00,B,8,A,51,1225.9,USD,Wire,0
2025-01-16 05:54:00,A,59,A,77,1137.66,USD,Wire,0
2025-01-16 06:10:00,A,7,A,51,2060.14,USD,ACH,0
2025-01-16 06:14:00,B,26,B,44,5356.0,USD,ACH,0
2025-01-16 06:31:00,A,1,A,9,969.34,USD,ACH,0
2025-01-16 07:17:00,B,10,B,52,903.2,USD,ACH,0
2025-01-16 07:27:00,B,50,B,92,5784.33,USD,ACH,0
2025-01-16 07:31:00,A,97,B,72,2742.17,USD,Wire,0
2025-01-16 07:36:00,A,89,B,102,190.72,USD,ACH,0
2025-01-16 08:26:00,B,12,A,15,469.69,USD,Wire,0
2025-01-16 09:01:00,B,4,B,2,9427.25,USD,Wire,0
2025-01-16 09:22:00,A,39,A,63,2813.32,USD,ACH,0
2025-01-16 10:22:00,A,75,A,21,781.79,USD,ACH,0
2025-01-16 11:36:00,B,86,B,68,1498.99,USD,Wire,0
2025-01-16 11:38:00,B,94,B,104,1834.56,USD,ACH,0
2025-01-16 11:41:00,B,40,A,39,4061.5,USD,Cheque,0
2025-01-16 12:00:00,B,20,A,63,405.82,USD,Wire,0
2025-01-16 12:18:00,B,4,B,78,716.91,USD,Wire,0
2025-01-16 12:40:00,A,17,B,18,2441.22,USD,Wire,0
2025-01-16 12:49:00,B,8,A,103,1620.0,USD,Cheque,0
2025-01-16 12:51:00,A,99,B,24,3391.56,USD,Wire,0
2025-01-16 12:58:00,A,31,A,93,467.57,USD,Cheque,0
2025-01-16 13:05:00,B,94,B,76,2678.04,USD,Wire,0
2025-01-16 13:16:00,B,64,A,17,6007.37,USD,ACH,0
2025-01-16 13:23:00,B,62,A,83,3088.68,USD,ACH,0
2025-01-16 13:36:00,B,52,A,23,2107.01,USD,ACH,0
2025-01-16 13:44:00,B,94,A,69,1627.06,USD,Wire,0
2025-01-16 14:19:00,A,5,B,110,721.74,USD,ACH,0
2025-01-16 15:11:00,A,11,A,109,1670.37,USD,ACH,0
2025-01-16 15:47:00,A,49,B,100,7227.7,USD,Wire,1
2025-01-16 16:38:00,A,45,A,57,1586.16,USD,Wire,0
2025-01-16 17:19:00,A,63,B,64,679.4,USD,Wire,0
2025-01-16 17:46:00,A,85,A,35,1052.08,USD,Wire,0
2025-01-16 19:20:00,A,67,A,105,2255.07,USD,Wire,0
2025-01-16 19:38:00,B,30,A,55,1198.87,USD,Wire,0
2025-01-16 19:50:00,B,38,B,88,3083.54,USD,Wire,0
2025-01-16 19:52:00,B,86,B,42,3213.54,USD,ACH,0
2025-01-16 19:55:00,A,23,A,85,4807.25,USD,Wire,1
2025-01-16 20:11:00,B,58,B,26,8655.2,USD,Wire,0
2025-01-16 20:42:00,B,62,B,84,5406.97,USD,ACH,0
2025-01-16 21:12:00,B,86,B,6,646.99,USD,Wire,0
2025-01-16 22:11:00,B,82,B,12,669.22,USD,Wire,0
2025-01-16 23:52:00,A,53,A,41,1663.45,USD,Wire,0
2025-01-17 00:12:00,B,36,A,55,1100.71,USD,Wire,0
2025-01-17 00:28:00,B,42,B,82,516.9,USD,Cheque,0
2025-01-17 00:39:00,A,47,A,41,1112.25,USD,Wire,0
2025-01-17 00:40:00,A,25,A,3,1072.81,USD,Wire,0
2025-01-17 00:41:00,B,72,B,38,863.48,USD,ACH,0
2025-01-17 02:07:00,B,24,A,51,1277.46,USD,ACH,0
2025-01-17 02:18:00,B,74,B,62,6609.72,USD,Wire,0
2025-01-17 04:01:00,B,86,B,74,2251.07,USD,Wire,0
2025-01-17 04:25:00,B,110,A,29,27418.96,USD,Cheque,0
2025-01-17 05:14:00,B,14,B,70,2181.04,USD,ACH,0
2025-01-17 05:19:00,A,87,A,73,1314.13,USD,ACH,0
2025-01-17 06:17:00,B,10,A,89,1816.28,USD,Wire,0
2025-01-17 06:28:00,A,39,B,60,2397.4,USD,Wire,0
2025-01-17 06:30:00,A,21,A,93,2918.37,USD,Wire,0
2025-01-17 07:43:00,A,19,B,26,17754.29,USD,ACH,0
2025-01-17 08:30:00,B,20,B,82,713.48,USD,ACH,0
2025-01-17 09:07:00,B,6,B,6,4651.53,USD,Wire,0
2025-01-17 10:05:00,B,94,B,12,2272.25,USD,Cheque,0
2025-01-17 10:32:00,A,7,A,99,321.11,USD,Wire,0
2025-01-17 10:33:00,B,46,A,55,4220.75,USD,ACH,0
2025-01-17 10:53:00,B,80,A,71,7290.93,USD,ACH,0
2025-01-17 11:18:00,A,113,A,69,704.23,USD,Cheque,0
2025-01-17 11:20:00,B,98,B,80,1790.36,USD,Wire,0
2025-01-17 11:49:00,B,16,B,28,271.0,USD,Cheque,0
2025-01-17 12:17:00,A,113,A,21,452.74,USD,Wire,0
2025-01-17 12:31:00,A,75,A,5,5726.34,USD,ACH,0
2025-01-17 12:41:00,A,21,A,99,1082.41,USD,Wire,0
2025-01-17 12:58:00,B,52,B,26,533.96,USD,ACH,0
2025-01-17 13:05:00,A,105,B,66,2327.17,USD,Wire,0
2025-01-17 13:14:00,A,45,B,52,1017.75,USD,Wire,0
2025-01-17 13:47:00,A,21,A,19,1077.17,USD,Wire,0
2025-01-17 14:57:00,B,100,B,48,4077.58,USD,Wire,0
2025-01-17 15:27:00,A,109,B,10,503.76,USD,Wire,0
2025-01-17 15:58:00,B,112,A,21,667.87,USD,ACH,0
2025-01-17 16:32:00,A,109,B,16,2141.98,USD,Wire,0
2025-01-17 17:08:00,B,100,B,94,5251.93,USD,Wire,0
2025-01-17 17:28:00,B,52,A,65,7058.42,USD,Wire,0
2025-01-17 18:10:00,B,22,B,106,869.95,USD,Wire,0
2025-01-17 18:13:00,A,71,B,50,5070.09,USD,ACH,0
2025-01-17 18:47:00,B,26,A,23,763.14,USD,ACH,0
2025-01-17 18:55:00,B,54,B,70,13478.22,USD,Wire,0
2025-01-17 19:45:00,A,75,B,106,519.49,USD,ACH,0
2025-01-17 20:15:00,B,108,A,61,7795.69,USD,ACH,0
2025-01-17 21:06:00,A,33,A,3,878.19,USD,ACH,0
2025-01-17 21:17:00,A,29,A,35,16557.11,USD,Wire,0
2025-01-17 22:00:00,B,84,B,106,3464.95,USD,Wire,0
2025-01-17 23:10:00,A,1,B,60,591.33,USD,Cheque,0
2025-01-17 23:14:00,A,65,A,109,1017.94,USD,ACH,0
2025-01-18 00:02:00,B,86,A,59,4269.7,USD,ACH,0
2025-01-18 00:32:00,A,63,B,2,5755.49,USD,Cheque,0
2025-01-18 02:19:00,B,44,B,100,1672.73,USD,Wire,0
2025-01-18 02:35:00,A,95,A,87,1899.08,USD,ACH,0
2025-01-18 02:57:00,A,43,B,82,4163.82,USD,ACH,0
2025-01-18 03:34:00,B,82,A,111,2090.12,USD,Wire,0
2025-01-18 03:43:00,A,53,A,23,435.78,USD,ACH,0
2025-01-18 04:29:00,B,4,B,104,739.32,USD,Wire,0
2025-01-18 04:51:00,A,61,A,27,2341.7,USD,Cheque,0
2025-01-18 05:02:00,B,6,A,111,6884.52,USD,Cheque,0
2025-01-18 05:04:00,A,107,B,22,10695.52,USD,ACH,0
2025-01-18 06:03:00,A,69,A,63,4261.95,USD,ACH,0
2025-01-18 06:08:00,A,43,B,90,2480.01,USD,Wire,0
2025-01-18 06:09:00,B,56,A,9,4120.36,USD,Wire,0
2025-01-18 06:23:00,A,71,B,8,868.33,USD,Wire,0
2025-01-18 08:33:00,B,30,A,97,1527.59,USD,Wire,0
2025-01-18 08:52:00,A,33,A,7,730.3,USD,Wire,0
2025-01-18 09:53:00,B,48,B,70,457.78,USD,Wire,0
2025-01-18 09:53:00,B,30,A,107,2609.47,USD,Wire,0
2025-01-18 09:54:00,A,87,A,71,2217.34,USD,Wire,0
2025-01-18 10:52:00,B,12,A,55,3852.27,USD,Wire,0
2025-01-18 10:54:00,A,95,B,48,3296.85,USD,ACH,0
2025-01-18 12:40:00,B,40,A,73,2361.16,USD,Wire,0
2025-01-18 13:33:00,B,64,B,66,3335.17,USD,ACH,0
2025-01-18 13:53:00,B,18,B,58,1725.11,USD,ACH,0
2025-01-18 14:31:00,B,44,B,18,2847.45,USD,Cheque,0
2025-01-18 14:40:00,A,87,B,76,813.41,USD,Wire,0
2025-01-18 15:12:00,A,31,A,85,2715.35,USD,Wire,0
2025-01-18 15:22:00,B,16,A,81,3771.62,USD,Cheque,0
2025-01-18 15:32:00,B,60,A,9,865.54,USD,Cheque,0
2025-01-18 15:55:00,A,19,A,81,1914.12,USD,Wire,0
2025-01-18 16:28:00,B,36,B,84,910.54,USD,Wire,0
2025-01-18 16:45:00,B,52,A,21,1013.17,USD,Cheque,0
2025-01-18 17:19:00,A,65,A,97,524.57,USD,Wire,0
2025-01-18 17:53:00,A,73,B,60,7276.12,USD,ACH,0
2025-01-18 18:01:00,B,78,B,54,5838.64,USD,Wire,0
2025-01-18 18:15:00,A,97,A,83,3265.53,USD,Wire,0
2025-01-18 18:22:00,B,8,A,59,15826.1,USD,ACH,0
2025-01-18 18:24:00,B,42,A,63,1468.25,USD,Wire,0
2025-01-18 18:28:00,A,1,B,36,50763.79,USD,ACH,0
2025-01-18 18:31:00,B,2,B,106,1407.71,USD,Wire,0
2025-01-18 18:36:00,A,25,A,111,2393.98,USD,Wire,0
2025-01-18 18:39:00,A,69,A,15,1167.29,USD,ACH,0
2025-01-18 19:05:00,B,102,B,84,2723.19,USD,Wire,0
2025-01-18 19:32:00,A,89,A,3,4533.17,USD,Wire,0
2025-01-18 19:39:00,B,74,A,43,1595.1,USD,ACH,0
2025-01-18 19:54:00,A,89,A,111,12764.1,USD,ACH,0
2025-01-18 20:04:00,B,20,B,20,2352.1,USD,ACH,0
2025-01-18 20:06:00,B,96,A,43,2434.59,USD,Wire,0
2025-01-18 20:27:00,B,102,B,26,665.21,USD,Wire,0
2025-01-18 20:53:00,A,11,B,84,2865.07,USD,ACH,0
2025-01-18 21:47:00,B,54,A,53,1560.2,USD,Wire,0
2025-01-18 22:40:00,A,95,B,68,926.06,USD,Wire,0
2025-01-18 23:44:00,A,55,B,108,769.61,USD,ACH,0
2025-01-18 23:48:00,B,96,B,60,34164.41,USD,Wire,0
2025-01-19 00:40:00,A,107,B,84,1353.13,USD,Wire,0
2025-01-19 03:25:00,A,55,B,12,364.06,USD,Wire,0
2025-01-19 04:13:00,A,7,A,25,838.79,USD,Wire,0
2025-01-19 04:17:00,A,39,B,108,1708.34,USD,ACH,0
2025-01-19 04:34:00,A,25,B,98,3298.86,USD,ACH,0
2025-01-19 04:41:00,A,55,A,75,3328.5,USD,Wire,0
2025-01-19 04:41:00,A,67,B,44,3805.78,USD,Wire,0
2025-01-19 04:53:00,A,53,A,23,889.49,USD,Cheque,0
2025-01-19 05:23:00,A,23,B,98,2629.33,USD,Wire,0
2025-01-19 05:26:00,A,35,B,90,689.75,USD,Cheque,0
2025-01-19 06:05:00,B,78,B,28,914.51,USD,ACH,0
2025-01-19 06:05:00,B,4,B,68,658.87,USD,Cheque,0
2025-01-19 06:26:00,A,25,A,71,489.2,USD,Wire,0
2025-01-19 06:32:00,B,102,A,55,5829.17,USD,ACH,0
2025-01-19 06:45:00,B,12,B,106,3856.34,USD,Wire,0
2025-01-19 07:06:00,B,48,A,15,5294.01,USD,ACH,0
2025-01-19 07:33:00,B,24,B,30,1887.95,USD,Cheque,0
2025-01-19 07:46:00,B,12,A,11,4249.21,USD,Cheque,0
2025-01-19 07:52:00,A,49,A,79,260.49,USD,ACH,0
2025-01-19 09:00:00,B,60,B,74,4672.25,USD,Cheque,0
2025-01-19 09:31:00,A,21,A,113,2196.96,USD,Wire,0
2025-01-19 10:05:00,A,9,B,62,3604.08,USD,Wire,1
2025-01-19 11:07:00,B,16,B,18,2746.34,USD,ACH,0
2025-01-19 11:55:00,A,75,B,52,610.48,USD,Cheque,0
2025-01-19 12:38:00,A,99,A,11,347.98,USD,Wire,0
2025-01-19 12:48:00,A,21,A,77,826.12,USD,ACH,0
2025-01-19 13:26:00,A,37,A,77,3365.76,USD,ACH,0
2025-01-19 13:44:00,B,40,B,98,3862.62,USD,Wire,0
2025-01-19 13:54:00,B,42,A,39,401.52,USD,Wire,0
2025-01-19 14:25:00,B,28,B,36,614.49,USD,Wire,0
2025-01-19 14:46:00,A,7,A,9,816.02,USD,Wire,0
2025-01-19 15:20:00,B,60,B,48,1220.44,USD,Wire,0
2025-01-19 15:23:00,A,41,A,55,404.13,USD,Wire,0
2025-01-19 15:32:00,B,40,A,87,378.32,USD,Wire,0
2025-01-19 17:10:00,A,31,B,86,732.15,USD,Wire,0
2025-01-19 17:12:00,B,106,B,16,1987.99,USD,ACH,0
2025-01-19 17:39:00,B,70,A,33,493.41,USD,Wire,0
2025-01-19 18:06:00,B,48,A,59,1591.79,USD,ACH,0
2025-01-19 18:22:00,B,24,A,39,5793.01,USD,ACH,0
2025-01-19 18:48:00,B,92,A,3,431.83,USD,Cheque,0
2025-01-19 18:59:00,B,102,A,97,1440.74,USD,ACH,0
2025-01-19 19:04:00,B,4,B,84,5581.61,USD,ACH,0
2025-01-19 19:18:00,B,106,B,60,1141.28,USD,Wire,0
2025-01-19 19:19:00,B,80,A,37,961.95,USD,ACH,0
2025-01-19 19:44:00,B,12,A,97,6501.87,USD,Wire,0
2025-01-19 21:19:00,B,86,A,5,1291.01,USD,ACH,0
2025-01-19 21:34:00,A,13,A,51,6093.3,USD,Cheque,0
2025-01-19 21:36:00,B,6,B,92,2898.25,USD,Wire,0
2025-01-19 21:48:00,B,14,A,109,1240.01,USD,Wire,0
2025-01-19 23:08:00,A,53,A,29,3064.56,USD,ACH,0
2025-01-19 23:23:00,A,71,A,75,2572.14,USD,Wire,0
2025-01-19 23:24:00,A,47,B,22,5557.87,USD,Wire,0
2025-01-19 23:33:00,B,14,B,14,989.12,USD,Wire,0
2025-01-20 00:28:00,A,23,A,41,1891.88,USD,Cheque,0
2025-01-20 00:30:00,B,98,A,101,1689.74,USD,ACH,0
2025-01-20 01:26:00,B,110,A,79,3922.81,USD,ACH,0
2025-01-20 01:26:00,B,86,B,56,585.4,USD,Wire,0
2025-01-20 02:38:00,B,12,A,33,5534.05,USD,Wire,0
2025-01-20 03:00:00,B,94,A,17,3019.85,USD,Wire,0
2025-01-20 03:26:00,A,79,A,31,424.7,USD,Cheque,0
2025-01-20 03:58:00,B,60,B,18,6830.06,USD,ACH,0
2025-01-20 04:49:00,A,17,B,22,21110.01,USD,ACH,0
2025-01-20 05:03:00,B,114,A,79,5442.63,USD,Wire,0
2025-01-20 05:06:00,A,51,B,16,8687.87,USD,Cheque,0
2025-01-20 05:18:00,B,6,B,6,1986.06,USD,Wire,0
2025-01-20 06:06:00,B,24,B,62,290.72,USD,Cheque,0
2025-01-20 07:06:00,B,46,A,33,237.81,USD,Cheque,0
2025-01-20 07:15:00,B,8,B,52,2393.69,USD,ACH,0
2025-01-20 08:13:00,A,37,B,16,942.77,USD,Cheque,0
2025-01-20 08:16:00,B,54,B,24,661.14,USD,ACH,0
2025-01-20 10:32:00,A,109,A,51,1687.46,USD,Wire,0
2025-01-20 10:54:00,B,10,A,79,3558.68,USD,Wire,0
2025-01-20 11:55:00,B,66,B,48,365.76,USD,Wire,0
2025-01-20 12:13:00,A,105,B,62,1103.49,USD,Cheque,0
2025-01-20 12:37:00,B,92,B,60,9517.22,USD,Cheque,0
2025-01-20 12:38:00,B,106,A,31,554.01,USD,Cheque,0
2025-01-20 13:08:00,B,20,B,32,4706.68,USD,ACH,0
2025-01-20 13:11:00,B,92,A,49,1060.82,USD,Wire,0
2025-01-20 14:12:00,B,112,B,4,3295.7,USD,ACH,0
2025-01-20 14:14:00,B,38,A,79,6045.44,USD,ACH,0
2025-01-20 14:16:00,A,57,A,71,4086.36,USD,Wire,0
2025-01-20 14:34:00,A,61,A,35,4915.14,USD,Wire,0
2025-01-20 14:45:00,A,57,A,43,509.41,USD,Wire,0
2025-01-20 14:59:00,B,34,B,38,6155.03,USD,Wire,0
2025-01-20 15:44:00,A,111,A,75,707.71,USD,ACH,0
2025-01-20 16:26:00,B,110,A,87,2405.46,USD,ACH,0
2025-01-20 17:06:00,B,44,A,13,2402.03,USD,Cheque,0
2025-01-20 17:52:00,B,92,B,48,3082.93,USD,Wire,0
2025-01-20 18:01:00,B,46,B,2,2619.27,USD,ACH,0
2025-01-20 18:32:00,A,91,B,52,714.66,USD,ACH,0
2025-01-20 20:28:00,A,67,A,29,409.59,USD,Wire,0
2025-01-20 20:33:00,B,54,A,39,4720.09,USD,ACH,0
2025-01-20 20:50:00,A,15,A,53,2218.13,USD,Wire,0
2025-01-20 20:52:00,A,75,A,37,6401.67,USD,Wire,0
2025-01-20 21:03:00,A,37,A,45,1721.23,USD,Wire,0
2025-01-20 22:07:00,A,25,B,88,385.41,USD,Wire,0
2025-01-20 23:18:00,A,23,A,93,5233.01,USD,ACH,0
2025-01-20 23:27:00,B,112,A,1,1203.02,USD,Wire,0
2025-01-21 00:45:00,B,12,B,44,2633.85,USD,Wire,0
2025-01-21 01:45:00,B,92,A,97,886.96,USD,Wire,0
2025-01-21 01:51:00,A,99,A,61,11033.95,USD,Wire,0
2025-01-21 02:08:00,B,4,B,24,689.37,USD,Wire,0
2025-01-21 02:15:00,B,68,B,68,1247.41,USD,Wire,0
2025-01-21 02:20:00,B,66,A,17,2034.88,USD,ACH,0
2025-01-21 03:28:00,A,41,A,3,543.81,USD,Wire,0
2025-01-21 03:47:00,A,77,A,73,2600.79,USD,ACH,0
2025-01-21 04:18:00,A,47,A,59,10647.72,USD,Wire,0
2025-01-21 04:39:00,A,51,A,87,1054.15,USD,ACH,0
2025-01-21 04:55:00,B,50,B,40,2792.4,USD,ACH,0
2025-01-21 05:05:00,B,92,B,98,87.85,USD,Wire,0
2025-01-21 05:25:00,A,73,A,49,1732.25,USD,Wire,0
2025-01-21 05:34:00,B,44,A,85,1281.33,USD,ACH,0
2025-01-21 06:01:00,B,106,B,12,734.84,USD,Cheque,0
2025-01-21 06:04:00,B,92,B,12,5940.78,USD,ACH,0
2025-01-21 06:08:00,A,107,B,90,1262.86,USD,Wire,0
2025-01-21 07:09:00,B,84,B,96,1487.38,USD,Wire,0
2025-01-21 07:40:00,A,45,B,108,1194.03,USD,Cheque,0
2025-01-21 08:32:00,A,89,B,38,219.53,USD,ACH,0
2025-01-21 09:02:00,B,38,A,3,520.51,USD,Wire,0
2025-01-21 09:45:00,A,31,B,112,5204.1,USD,ACH,0
2025-01-21 10:20:00,B,52,A,69,177.51,USD,ACH,0
2025-01-21 10:45:00,A,111,A,29,778.25,USD,Wire,0
2025-01-21 10:55:00,A,65,B,88,1164.8,USD,Wire,0
2025-01-21 11:04:00,B,44,B,104,12307.75,USD,Wire,0
2025-01-21 12:10:00,A,53,A,33,4211.04,USD,Wire,0
2025-01-21 12:50:00,B,34,B,88,979.57,USD,ACH,0
2025-01-21 13:04:00,B,76,B,90,7592.87,USD,Wire,0
2025-01-21 13:39:00,B,40,B,58,800.66,USD,Wire,0
2025-01-21 13:43:00,B,64,A,73,5486.3,USD,ACH,0
2025-01-21 13:50:00,A,43,A,31,405.55,USD,Cheque,0
2025-01-21 14:25:00,A,37,B,106,5887.48,USD,Cheque,0
2025-01-21 14:36:00,A,111,A,113,1156.62,USD,Cheque,0
2025-01-21 15:00:00,B,40,B,112,583.27,USD,Wire,0
2025-01-21 15:03:00,A,9,A,85,1423.88,USD,ACH,0
2025-01-21 15:12:00,B,44,A,5,2453.03,USD,Wire,0
2025-01-21 15:13:00,A,61,B,42,1049.19,USD,Wire,0
2025-01-21 15:35:00,A,11,A,51,3325.41,USD,Wire,0
2025-01-21 16:05:00,A,35,B,110,952.13,USD,Cheque,0
2025-01-21 16:05:00,A,19,A,63,3577.46,USD,ACH,0
2025-01-21 16:09:00,B,58,B,62,2940.82,USD,Wire,0
2025-01-21 16:35:00,A,83,A,17,1690.85,USD,ACH,0
2025-01-21 16:38:00,A,111,A,91,1112.63,USD,ACH,0
2025-01-21 16:46:00,A,45,A,39,2136.01,USD,Wire,0
2025-01-21 16:53:00,A,99,A,11,3311.91,USD,ACH,0
2025-01-21 17:11:00,A,25,A,113,17465.44,USD,Wire,0
2025-01-21 18:50:00,A,89,B,22,5081.5,USD,ACH,0
2025-01-21 19:05:00,A,65,B,2,5290.08,USD,Wire,0
2025-01-21 19:32:00,A,87,A,9,54033.71,USD,Wire,0
2025-01-21 19:44:00,A,87,B,52,3189.29,USD,Wire,0
2025-01-21 20:28:00,A,61,B,12,3081.3,USD,Wire,0
2025-01-21 20:45:00,B,30,A,97,3922.23,USD,ACH,0
2025-01-21 21:19:00,B,60,A,59,595.94,USD,Cheque,0
2025-01-21 21:48:00,A,95,A,37,1109.55,USD,Wire,0
2025-01-21 21:50:00,A,111,A,1,1036.09,USD,Cheque,0
2025-01-21 23:03:00,B,106,A,55,3686.29,USD,ACH,0
2025-01-21 23:12:00,A,21,B,18,1492.8,USD,ACH,0
2025-01-21 23:36:00,A,69,B,112,2104.95,USD,Cheque,0
2025-01-21 23:59:00,B,12,B,34,5980.14,USD,Wire,0
2025-01-22 01:19:00,A,77,A,55,4672.58,USD,Wire,0
2025-01-22 02:04:00,B,114,A,3,1513.39,USD,ACH,0
2025-01-22 02:15:00,B,6,A,15,865.24,USD,ACH,0
2025-01-22 03:34:00,A,75,B,24,6303.13,USD,Cheque,0
2025-01-22 04:23:00,B,108,B,6,4235.6,USD,ACH,0
2025-01-22 05:01:00,A,97,A,83,308.93,USD,Wire,0
2025-01-22 05:26:00,A,45,B,108,1281.17,USD,ACH,0
2025-01-22 05:43:00,B,12,A,113,2169.1,USD,Wire,0
2025-01-22 06:28:00,B,106,A,31,4258.67,USD,Wire,0
2025-01-22 06:39:00,B,106,B,90,4920.24,USD,Cheque,0
2025-01-22 07:29:00,A,67,B,58,2470.8,USD,Wire,0
2025-01-22 07:40:00,B,112,B,6,3441.88,USD,ACH,0
2025-01-22 08:25:00,A,1,A,11,1940.21,USD,Wire,0
2025-01-22 08:31:00,A,71,A,63,861.58,USD,ACH,0
2025-01-22 08:40:00,A,5,A,49,1356.43,USD,ACH,0
2025-01-22 09:21:00,A,107,A,1,1846.21,USD,ACH,0
2025-01-22 09:33:00,B,78,A,107,1740.37,USD,ACH,0
2025-01-22 10:04:00,A,105,B,84,227.21,USD,Wire,0
2025-01-22 10:10:00,A,65,B,58,1167.67,USD,Wire,0
2025-01-22 10:52:00,B,10,A,113,1923.35,USD,Wire,0
2025-01-22 10:56:00,B,4,A,111,1326.76,USD,Wire,0
2025-01-22 11:59:00,A,39,B,112,1378.15,USD,ACH,0
2025-01-22 12:31:00,A,85,B,30,3092.67,USD,Cheque,0
2025-01-22 12:31:00,B,18,A,101,551.78,USD,Wire,0
2025-01-22 13:36:00,B,98,B,58,301.62,USD,Wire,0
2025-01-22 13:38:00,B,28,A,83,1232.76,USD,Cheque,0
2025-01-22 13:50:00,A,57,B,98,4190.29,USD,ACH,1
2025-01-22 14:28:00,B,24,A,19,11571.59,USD,Wire,0
2025-01-22 14:47:00,B,54,B,52,4274.15,USD,ACH,0
2025-01-22 14:51:00,B,52,A,15,359.57,USD,ACH,0
2025-01-22 14:51:00,A,1,B,32,1400.24,USD,ACH,0
2025-01-22 15:56:00,A,65,B,48,2397.78,USD,Wire,0
2025-01-22 16:05:00,B,90,B,98,2198.1,USD,ACH,0
2025-01-22 16:20:00,A,107,A,99,3272.26,USD,Wire,0
2025-01-22 16:59:00,B,38,A,45,659.34,USD,Wire,0
2025-01-22 17:59:00,A,101,B,38,1941.93,USD,ACH,0
2025-01-22 18:22:00,A,101,A,61,2870.83,USD,ACH,0
2025-01-22 18:24:00,A,113,B,104,4483.85,USD,Wire,0
2025-01-22 18:29:00,A,43,B,112,745.24,USD,ACH,0
2025-01-22 18:48:00,B,98,B,26,1236.86,USD,Wire,0
2025-01-22 19:04:00,A,65,B,22,92.37,USD,Cheque,0
2025-01-22 19:19:00,A,7,A,81,912.69,USD,ACH,0
2025-01-22 19:29:00,A,31,A,35,1015.51,USD,Cheque,0
2025-01-22 19:48:00,A,77,A,23,589.02,USD,ACH,0
2025-01-22 19:51:00,A,19,B,4,2169.33,USD,Cheque,0
2025-01-22 19:53:00,B,50,B,46,1700.13,USD,ACH,0
2025-01-22 20:21:00,A,89,A,45,150.64,USD,ACH,0
2025-01-22 20:24:00,B,18,A,65,2291.72,USD,ACH,0
2025-01-22 20:33:00,A,57,A,23,651.22,USD,Wire,0
2025-01-22 20:38:00,A,25,B,82,3084.85,USD,ACH,0
2025-01-22 21:01:00,B,62,B,78,441.41,USD,Wire,0
2025-01-22 21:12:00,B,28,A,53,1868.72,USD,ACH,0
2025-01-22 21:30:00,A,111,A,21,1324.14,USD,Wire,0
2025-01-22 21:55:00,A,9,B,58,2523.53,USD,Wire,0
2025-01-22 21:59:00,B,110,A,77,2073.86,USD,ACH,0
2025-01-22 22:43:00,A,91,A,43,1365.56,USD,Wire,0
2025-01-22 22:46:00,B,98,A,31,333.65,USD,Wire,0
2025-01-22 22:54:00,B,98,B,58,356.05,USD,ACH,0
2025-01-22 22:56:00,B,22,A,41,951.2,USD,Wire,0
2025-01-22 23:21:00,A,107,B,46,1791.65,USD,Wire,0
2025-01-22 23:54:00,B,68,B,40,926.05,USD,Cheque,0
2025-01-23 00:09:00,B,110,A,35,3596.56,USD,Wire,0
2025-01-23 00:14:00,A,101,B,82,1329.9,USD,Wire,0
2025-01-23 00:47:00,A,67,A,53,625.46,USD,Wire,0
2025-01-23 00:48:00,A,43,B,54,1331.54,USD,Wire,0
2025-01-23 01:09:00,B,14,A,75,2317.97,USD,Wire,0
2025-01-23 01:15:00,B,12,B,42,2584.72,USD,Wire,0
2025-01-23 02:12:00,A,45,B,12,14274.31,USD,ACH,0
2025-01-23 02:59:00,A,93,B,98,866.27,USD,ACH,0
2025-01-23 04:12:00,B,58,A,7,1667.65,USD,Wire,0
2025-01-23 04:39:00,A,55,B,66,2889.2,USD,Wire,0
2025-01-23 04:43:00,B,28,A,31,1762.05,USD,ACH,0
2025-01-23 05:13:00,A,65,A,25,1042.44,USD,Cheque,0
2025-01-23 05:21:00,A,73,A,5,328.92,USD,Wire,0
2025-01-23 05:51:00,B,112,A,103,1030.79,USD,Cheque,0
2025-01-23 06:10:00,B,84,A,49,554.98,USD,Wire,0
2025-01-23 06:19:00,B,70,B,40,270.62,USD,ACH,0
2025-01-23 06:23:00,B,104,A,85,753.52,USD,ACH,0
2025-01-23 06:41:00,A,49,A,5,571.46,USD,ACH,0
2025-01-23 07:27:00,A,107,A,65,3436.35,USD,Wire,0
2025-01-23 07:28:00,A,43,A,57,3502.39,USD,Wire,0
2025-01-23 09:05:00,A,15,B,64,668.97,USD,Wire,0
2025-01-23 09:30:00,B,48,A,15,1357.97,USD,Wire,0
2025-01-23 10:04:00,A,15,A,109,234.14,USD,Wire,0
2025-01-23 10:11:00,B,14,B,28,1049.66,USD,ACH,0
2025-01-23 10:11:00,A,101,B,78,2804.22,USD,Wire,0
2025-01-23 10:14:00,A,91,B,86,4480.24,USD,ACH,0
2025-01-23 10:35:00,B,26,B,40,825.22,USD,Wire,0
2025-01-23 10:41:00,B,96,A,15,5750.49,USD,Wire,0
2025-01-23 10:57:00,B,8,B,34,341.29,USD,ACH,0
2025-01-23 10:59:00,A,33,B,92,458.34,USD,ACH,0
2025-01-23 11:27:00,A,81,B,104,3946.67,USD,Wire,0
2025-01-23 11:41:00,A,35,A,107,11364.31,USD,Cheque,0
2025-01-23 12:22:00,B,84,B,26,3111.24,USD,Wire,0
2025-01-23 12:31:00,B,100,B,70,1729.56,USD,Wire,0
2025-01-23 12:33:00,B,8,B,18,161.63,USD,Cheque,0
2025-01-23 12:48:00,A,3,A,81,195.45,USD,Wire,0
2025-01-23 12:53:00,B,108,B,48,2084.64,USD,ACH,0
2025-01-23 14:35:00,B,60,B,82,1219.42,USD,Wire,0
2025-01-23 14:42:00,B,58,A,79,535.7,USD,ACH,0
2025-01-23 15:08:00,A,53,B,114,1943.19,USD,ACH,0
2025-01-23 15:10:00,B,50,B,56,2052.15,USD,Wire,0
2025-01-23 15:12:00,A,79,A,39,5109.5,USD,Wire,0
2025-01-23 15:25:00,A,67,A,61,2101.2,USD,Wire,0
2025-01-23 15:47:00,A,19,A,19,6983.0,USD,ACH,0
2025-01-23 18:33:00,B,72,A,13,1824.01,USD,ACH,0
2025-01-23 19:01:00,A,77,B,60,1592.61,USD,ACH,0
2025-01-23 19:26:00,A,13,A,95,5829.83,USD,Wire,0
2025-01-23 20:44:00,A,43,A,61,616.29,USD,Wire,0
2025-01-23 21:06:00,A,91,B,90,39970.31,USD,Cheque,0
2025-01-23 22:54:00,A,71,A,21,2731.98,USD,Wire,0
2025-01-23 23:01:00,B,16,B,52,2748.78,USD,ACH,0
2025-01-24 00:01:00,A,5,B,70,3221.51,USD,Wire,1
2025-01-24 00:09:00,A,67,B,40,14254.82,USD,Wire,0
2025-01-24 00:18:00,A,53,B,2,4323.23,USD,Cheque,0
2025-01-24 00:46:00,B,110,A,9,309.34,USD,Cheque,0
2025-01-24 00:53:00,B,60,B,106,8466.03,USD,ACH,0
2025-01-24 02:10:00,A,107,A,69,1242.67,USD,Wire,0
2025-01-24 02:40:00,A,25,A,31,2034.23,USD,ACH,0
2025-01-24 03:02:00,A,51,B,30,442.67,USD,ACH,0
2025-01-24 03:06:00,B,16,A,5,3225.43,USD,ACH,0
2025-01-24 03:16:00,B,66,B,108,883.14,USD,ACH,0
2025-01-24 03:51:00,B,22,A,13,2018.65,USD,ACH,0
2025-01-24 04:10:00,A,57,A,87,1322.78,USD,ACH,0
2025-01-24 04:33:00,B,40,B,28,15025.65,USD,Wire,0
2025-01-24 05:22:00,B,22,A,39,16002.28,USD,Wire,0
2025-01-24 05:37:00,B,12,B,32,1902.96,USD,Cheque,0
2025-01-24 06:25:00,A,59,B,94,1939.87,USD,Wire,0
2025-01-24 06:30:00,B,108,B,4,1198.96,USD,Wire,0
2025-01-24 07:16:00,A,23,A,41,6103.43,USD,ACH,0
2025-01-24 07:33:00,A,47,B,32,1259.14,USD,Wire,0
2025-01-24 07:35:00,B,26,B,32,1137.43,USD,Cheque,0
2025-01-24 08:05:00,A,93,B,22,5305.25,USD,ACH,1
2025-01-24 08:14:00,B,48,A,105,1000.12,USD,Wire,0
2025-01-24 09:25:00,B,112,B,44,1734.49,USD,ACH,0
2025-01-24 09:59:00,B,28,B,48,317.53,USD,Wire,0
2025-01-24 10:23:00,B,10,B,44,3922.99,USD,ACH,0
2025-01-24 10:33:00,A,67,B,112,15289.99,USD,ACH,0
2025-01-24 10:43:00,A,75,A,39,3997.19,USD,Wire,0
2025-01-24 11:07:00,A,113,A,39,9027.03,USD,Wire,0
2025-01-24 11:51:00,B,100,B,38,712.86,USD,Wire,0
2025-01-24 12:18:00,A,101,B,38,2344.8,USD,Wire,0
2025-01-24 12:33:00,A,73,A,11,640.68,USD,Wire,0
2025-01-24 12:52:00,B,42,A,69,1407.34,USD,ACH,0
2025-01-24 13:00:00,A,49,A,3,4227.78,USD,Wire,0
2025-01-24 13:03:00,B,16,B,26,2022.32,USD,ACH,0
2025-01-24 13:17:00,B,50,B,24,382.26,USD,Wire,0
2025-01-24 13:37:00,B,42,B,34,425.59,USD,ACH,0
2025-01-24 13:49:00,A,5,A,87,395.73,USD,Wire,0
2025-01-24 14:27:00,B,24,A,69,3104.47,USD,Wire,0
2025-01-24 14:52:00,A,61,A,113,17505.74,USD,Cheque,0
2025-01-24 14:53:00,A,43,A,41,8092.59,USD,Wire,0
2025-01-24 15:29:00,B,114,B,106,224.62,USD,ACH,0
2025-01-24 15:52:00,A,55,B,6,8631.59,USD,Wire,0
2025-01-24 16:16:00,B,110,B,58,5064.65,USD,Cheque,0
2025-01-24 16:35:00,B,76,B,92,330.36,USD,Cheque,0
2025-01-24 16:44:00,A,5,A,61,1295.27,USD,ACH,0
2025-01-24 17:10:00,B,24,A,107,6033.45,USD,Wire,0
2025-01-24 17:50:00,A,81,B,36,3312.56,USD,Wire,0
2025-01-24 18:13:00,A,63,B,4,428.37,USD,Wire,0
2025-01-24 18:48:00,A,35,A,89,3539.77,USD,Wire,0
2025-01-24 19:03:00,B,60,B,8,172.22,USD,Wire,0
2025-01-24 19:21:00,A,103,B,88,1415.02,USD,ACH,0
2025-01-24 19:23:00,A,45,B,84,6321.76,USD,Cheque,0
2025-01-24 19:33:00,B,6,A,97,1845.0,USD,ACH,0
2025-01-24 19:57:00,B,36,A,55,1044.37,USD,Wire,0
2025-01-24 19:57:00,A,107,A,103,4809.18,USD,Wire,0
2025-01-24 20:32:00,A,87,B,20,5282.88,USD,Cheque,0
2025-01-24 20:33:00,B,96,B,50,7639.17,USD,Wire,0
2025-01-24 21:04:00,B,104,B,14,4730.45,USD,Wire,0
2025-01-24 21:26:00,B,14,B,88,5940.28,USD,Cheque,0
2025-01-24 21:29:00,A,33,B,82,4048.9,USD,Cheque,0
2025-01-24 21:58:00,A,7,B,92,2421.35,USD,ACH,0
2025-01-24 22:00:00,A,1,B,88,1995.12,USD,Wire,0
2025-01-24 22:07:00,B,96,B,36,1392.72,USD,Cheque,1
2025-01-24 22:18:00,A,107,B,8,476.47,USD,Wire,0
2025-01-24 22:36:00,B,18,B,106,632.17,USD,Wire,0
2025-01-24 23:00:00,A,83,A,57,1325.82,USD,ACH,0
2025-01-24 23:00:00,A,61,A,11,2358.07,USD,Wire,0
2025-01-24 23:36:00,B,8,B,106,8821.03,USD,Cheque,0
2025-01-24 23:38:00,A,105,B,114,1726.8,USD,Wire,0
2025-01-25 00:17:00,B,100,A,51,5452.47,USD,Wire,0
2025-01-25 00:39:00,A,65,B,88,5926.84,USD,ACH,0
2025-01-25 00:46:00,A,81,A,5,1401.65,USD,Wire,0
2025-01-25 00:58:00,B,46,A,11,3477.81,USD,ACH,0
2025-01-25 01:48:00,A,91,B,32,1383.15,USD,Wire,0
2025-01-25 02:24:00,A,51,A,75,7741.49,USD,ACH,0
2025-01-25 02:34:00,A,113,B,16,3638.87,USD,Wire,0
2025-01-25 03:46:00,B,8,B,4,488.07,USD,Wire,0
2025-01-25 04:14:00,B,20,A,77,2159.6,USD,ACH,0
2025-01-25 04:49:00,A,111,B,88,11080.29,USD,Wire,0
2025-01-25 05:35:00,A,33,A,85,1481.26,USD,Wire,0
2025-01-25 06:10:00,B,36,B,92,2958.64,USD,ACH,0
2025-01-25 06:29:00,A,91,B,92,3296.01,USD,Cheque,0
2025-01-25 06:57:00,B,22,A,69,578.08,USD,ACH,0
2025-01-25 07:07:00,A,59,B,60,3170.93,USD,ACH,0
2025-01-25 07:38:00,A,33,B,98,390.25,USD,ACH,0
2025-01-25 10:26:00,A,23,B,40,908.52,USD,ACH,0
2025-01-25 11:32:00,B,110,B,12,5903.47,USD,Cheque,0
2025-01-25 11:42:00,A,23,B,86,2676.95,USD,Wire,0
2025-01-25 12:00:00,A,11,B,32,1293.46,USD,Wire,0
2025-01-25 12:00:00,A,77,B,112,2954.57,USD,ACH,0
2025-01-25 13:58:00,A,99,B,48,1692.39,USD,ACH,0
2025-01-25 14:42:00,A,15,B,98,1833.23,USD,Cheque,0
2025-01-25 14:49:00,A,81,A,5,3723.8,USD,Wire,0
2025-01-25 15:50:00,B,62,B,76,812.32,USD,Wire,0
2025-01-25 16:09:00,A,95,B,52,1890.07,USD,Cheque,0
2025-01-25 16:27:00,A,15,A,53,1282.42,USD,ACH,0
2025-01-25 18:08:00,B,112,A,31,316.03,USD,Wire,0
2025-01-25 19:35:00,A,71,A,111,656.88,USD,ACH,0
2025-01-25 19:39:00,A,97,A,45,10147.95,USD,ACH,0
2025-01-25 19:46:00,B,42,A,97,2760.58,USD,ACH,0
2025-01-25 20:19:00,B,108,A,49,421.6,USD,Wire,0
2025-01-25 20:39:00,B,72,B,6,332.16,USD,ACH,0
2025-01-25 21:29:00,A,15,A,101,1598.18,USD,ACH,0
2025-01-25 22:36:00,B,106,B,22,10069.89,USD,ACH,0
2025-01-25 22:40:00,A,91,A,31,1472.28,USD,Wire,0
2025-01-25 23:12:00,A,35,A,99,7613.66,USD,Cheque,0
2025-01-25 23:21:00,A,63,B,102,2662.77,USD,ACH,0
2025-01-26 00:10:00,A,45,A,105,3036.24,USD,Wire,0
2025-01-26 00:23:00,B,62,A,49,416.01,USD,Wire,0
2025-01-26 00:27:00,A,111,A,87,5070.91,USD,Cheque,0
2025-01-26 01:51:00,A,103,B,38,1250.85,USD,Cheque,0
2025-01-26 02:13:00,A,25,A,85,4672.28,USD,Wire,0
2025-01-26 02:46:00,A,111,B,58,738.35,USD,Wire,0
2025-01-26 02:48:00,B,50,B,6,2196.79,USD,Wire,0
2025-01-26 03:18:00,A,81,B,48,2662.99,USD,ACH,0
2025-01-26 03:30:00,B,88,B,54,1526.24,USD,ACH,0
2025-01-26 03:42:00,B,56,B,30,2821.43,USD,Wire,0
2025-01-26 05:13:00,A,53,A,43,1348.79,USD,Wire,0
2025-01-26 06:30:00,A,53,B,58,885.4,USD,Wire,0
2025-01-26 06:30:00,A,99,B,6,10572.71,USD,Cheque,0
2025-01-26 06:32:00,A,45,B,18,5732.16,USD,ACH,0
2025-01-26 06:34:00,B,32,B,88,782.93,USD,Cheque,0
2025-01-26 06:40:00,B,42,A,41,3378.84,USD,Wire,0
2025-01-26 07:02:00,A,23,B,70,798.75,USD,Wire,0
2025-01-26 08:31:00,A,45,A,65,491.2,USD,Wire,0
2025-01-26 08:31:00,B,14,A,63,5637.47,USD,ACH,0
2025-01-26 09:34:00,A,11,B,48,277.41,USD,ACH,0
2025-01-26 10:03:00,A,83,B,56,5011.76,USD,Cheque,0
2025-01-26 10:33:00,A,9,B,94,1369.23,USD,Wire,0
2025-01-26 10:53:00,A,65,A,111,1432.68,USD,ACH,0
2025-01-26 11:08:00,A,89,B,30,2837.64,USD,Wire,0
2025-01-26 11:13:00,A,83,A,77,3426.58,USD,ACH,0
2025-01-26 11:56:00,A,51,A,111,728.53,USD,ACH,0
2025-01-26 14:01:00,A,23,A,1,3981.84,USD,Cheque,0
2025-01-26 15:03:00,A,107,B,90,2048.18,USD,ACH,0
2025-01-26 15:04:00,B,96,A,57,454.11,USD,Wire,0
2025-01-26 15:33:00,B,70,A,111,1499.88,USD,ACH,0
2025-01-26 15:47:00,B,10,B,66,8261.88,USD,Wire,0
2025-01-26 16:27:00,A,5,B,96,11432.94,USD,Cheque,0
2025-01-26 16:39:00,B,36,A,19,3980.18,USD,Wire,0
2025-01-26 17:11:00,B,18,A,17,488.15,USD,Wire,0
2025-01-26 17:31:00,A,99,B,106,3101.58,USD,Wire,0
2025-01-26 17:31:00,B,24,A,61,4609.83,USD,Wire,0
2025-01-26 18:19:00,A,33,B,64,4016.95,USD,Cheque,0
2025-01-26 18:29:00,B,112,B,20,4287.46,USD,Cheque,0
2025-01-26 18:32:00,B,94,B,26,2696.18,USD,Wire,0
2025-01-26 18:53:00,A,25,B,94,1669.61,USD,ACH,0
2025-01-26 18:57:00,B,44,A,35,925.93,USD,ACH,0
2025-01-26 19:19:00,A,59,A,67,224.14,USD,Wire,0
2025-01-26 19:56:00,B,76,A,37,2627.02,USD,Wire,0
2025-01-26 20:29:00,A,107,A,31,2218.66,USD,ACH,0
2025-01-26 21:23:00,B,100,A,19,3338.69,USD,ACH,0
2025-01-26 21:28:00,B,112,B,106,415.18,USD,Wire,0
2025-01-26 21:29:00,A,5,B,108,3675.77,USD,ACH,0
2025-01-26 21:40:00,A,27,B,14,17326.62,USD,Wire,0
2025-01-26 22:02:00,A,65,A,41,1971.0,USD,Wire,0
2025-01-26 22:08:00,B,6,A,65,1689.47,USD,ACH,0
2025-01-26 22:35:00,A,41,B,44,2539.96,USD,ACH,0
2025-01-26 22:47:00,B,18,A,83,16908.48,USD,ACH,0
2025-01-26 23:15:00,A,107,B,30,586.39,USD,Wire,0
2025-01-26 23:16:00,B,8,A,7,2260.92,USD,Wire,0
2025-01-26 23:19:00,A,17,A,39,750.23,USD,Wire,0
2025-01-26 23:28:00,A,23,A,69,990.58,USD,Wire,0
2025-01-27 01:47:00,A,17,A,21,1712.06,USD,Wire,0
2025-01-27 01:52:00,A,65,B,94,7958.98,USD,Cheque,0
2025-01-27 01:53:00,B,42,B,2,13109.46,USD,Cheque,0
2025-01-27 02:00:00,A,105,B,8,2960.03,USD,ACH,0
2025-01-27 02:59:00,B,30,A,59,1194.81,USD,Wire,0
2025-01-27 03:07:00,B,62,A,59,28057.54,USD,Wire,0
2025-01-27 03:53:00,B,76,B,34,1129.68,USD,ACH,0
2025-01-27 04:05:00,B,72,B,30,964.64,USD,Wire,0
2025-01-27 04:57:00,A,91,B,8,256.61,USD,ACH,0
2025-01-27 05:01:00,B,24,B,76,8397.6,USD,Wire,0
2025-01-27 05:04:00,B,58,B,44,5245.21,USD,Cheque,0
2025-01-27 05:05:00,B,92,B,14,25837.6,USD,ACH,0
2025-01-27 05:32:00,A,99,B,46,392.1,USD,Cheque,0
2025-01-27 06:13:00,A,71,A,107,8991.08,USD,ACH,0
2025-01-27 06:21:00,A,75,B,30,1953.05,USD,ACH,0
2025-01-27 06:22:00,A,99,B,102,4388.36,USD,Wire,0
2025-01-27 06:50:00,B,72,B,30,295.14,USD,ACH,0
2025-01-27 07:53:00,A,109,B,22,9089.63,USD,ACH,0
2025-01-27 08:04:00,A,15,B,30,4294.84,USD,ACH,0
2025-01-27 08:09:00,B,40,A,37,1732.29,USD,Wire,0
2025-01-27 11:43:00,A,13,B,14,3676.16,USD,Wire,0
2025-01-27 11:43:00,A,11,A,67,778.96,USD,ACH,0
2025-01-27 12:52:00,B,54,A,39,955.86,USD,Cheque,0
2025-01-27 12:57:00,B,26,B,82,1085.95,USD,Wire,0
2025-01-27 13:37:00,A,47,B,56,235.57,USD,Wire,0
2025-01-27 13:37:00,B,50,A,51,4665.43,USD,Wire,0
2025-01-27 13:46:00,A,71,B,54,6705.97,USD,Cheque,0
2025-01-27 13:49:00,B,108,B,18,835.91,USD,Wire,0
2025-01-27 14:21:00,A,97,B,82,2651.88,USD,Wire,0
2025-01-27 15:12:00,B,44,B,12,1350.06,USD,Wire,0
2025-01-27 15:33:00,B,38,A,83,2594.38,USD,ACH,0
2025-01-27 16:05:00,B,88,B,114,906.57,USD,Wire,0
2025-01-27 16:20:00,A,15,B,88,684.19,USD,Wire,0
2025-01-27 16:31:00,B,62,B,52,5751.88,USD,Cheque,0
2025-01-27 16:56:00,A,49,B,36,1685.37,USD,Wire,0
2025-01-27 17:59:00,A,21,B,100,16719.31,USD,ACH,0
2025-01-27 18:10:00,A,71,B,30,1902.53,USD,ACH,0
2025-01-27 19:47:00,A,37,A,55,652.83,USD,Wire,0
2025-01-27 20:03:00,B,22,B,88,6971.84,USD,Wire,0
2025-01-27 20:09:00,A,75,B,106,3618.74,USD,Wire,0
2025-01-27 20:22:00,B,20,A,105,4022.1,USD,Wire,0
2025-01-27 20:32:00,A,77,A,11,6698.65,USD,Wire,1
2025-01-27 20:35:00,A,19,A,103,881.76,USD,Wire,0
2025-01-27 20:54:00,B,50,A,13,1571.87,USD,Wire,0
2025-01-27 20:58:00,A,93,A,67,1497.28,USD,Cheque,0
2025-01-27 21:04:00,A,27,B,106,437.11,USD,Wire,0
2025-01-27 21:18:00,B,88,A,75,1352.96,USD,Wire,0
2025-01-27 21:27:00,A,83,A,109,7863.74,USD,Cheque,0
2025-01-27 21:59:00,A,103,B,40,2347.42,USD,Wire,0
2025-01-27 22:08:00,B,20,B,36,411.3,USD,Wire,0
2025-01-27 22:18:00,B,82,B,38,326.55,USD,Wire,0
2025-01-27 22:23:00,A,107,A,41,11285.27,USD,Wire,0
2025-01-27 22:41:00,A,87,B,78,1637.05,USD,Wire,0
2025-01-27 22:52:00,B,22,B,52,887.0,USD,ACH,0
2025-01-27 23:13:00,B,94,A,85,1337.57,USD,ACH,0
2025-01-27 23:15:00,A,13,B,48,356.01,USD,Wire,0
2025-01-27 23:16:00,B,68,B,36,8650.78,USD,Wire,0
2025-01-27 23:16:00,A,57,B,22,1173.38,USD,ACH,0
2025-01-27 23:18:00,A,61,A,63,8136.71,USD,ACH,0
2025-01-28 01:18:00,B,60,A,103,1913.74,USD,Wire,0
2025-01-28 01:48:00,B,4,B,98,8712.25,USD,Wire,0
2025-01-28 02:09:00,B,58,A,29,2397.94,USD,Wire,0
2025-01-28 02:37:00,A,107,A,55,4621.88,USD,Cheque,0
2025-01-28 02:42:00,B,50,A,81,3987.83,USD,Wire,0
2025-01-28 03:17:00,B,32,B,70,3588.97,USD,Wire,0
2025-01-28 03:22:00,B,114,B,8,2651.09,USD,Wire,0
2025-01-28 03:25:00,B,12,B,68,1399.49,USD,Wire,0
2025-01-28 03:42:00,B,56,A,5,14868.17,USD,Cheque,0
2025-01-28 04:04:00,A,59,B,14,666.72,USD,ACH,0
2025-01-28 04:18:00,A,55,A,75,1816.63,USD,Cheque,0
2025-01-28 04:49:00,B,106,B,12,1837.89,USD,Wire,0
2025-01-28 05:04:00,A,49,A,39,2814.91,USD,Wire,0
2025-01-28 05:56:00,A,111,B,68,1127.3,USD,ACH,0
2025-01-28 06:07:00,B,8,A,75,2556.06,USD,Cheque,0
2025-01-28 07:18:00,B,84,A,51,1501.58,USD,Wire,0
2025-01-28 07:37:00,B,68,A,11,317.3,USD,Wire,0
2025-01-28 08:38:00,B,28,B,92,1827.14,USD,ACH,0
2025-01-28 09:09:00,B,26,A,109,538.82,USD,ACH,0
2025-01-28 10:16:00,A,83,B,102,268.32,USD,ACH,0
2025-01-28 10:34:00,A,73,B,86,2101.82,USD,ACH,0
2025-01-28 10:35:00,B,70,B,46,3092.3,USD,Wire,0
2025-01-28 10:41:00,B,6,B,100,3227.19,USD,Wire,0
2025-01-28 10:54:00,A,69,B,56,3374.11,USD,Wire,0
2025-01-28 11:46:00,B,112,B,16,215.76,USD,ACH,0
2025-01-28 12:24:00,B,2,A,97,404.59,USD,Cheque,0
2025-01-28 13:14:00,B,54,A,37,15849.19,USD,Wire,0
2025-01-28 13:31:00,A,57,B,108,571.39,USD,ACH,0
2025-01-28 13:38:00,A,103,B,42,3540.15,USD,Wire,0
2025-01-28 13:39:00,A,33,B,100,849.26,USD,Wire,0
2025-01-28 13:45:00,A,55,B,62,1973.65,USD,Wire,0
2025-01-28 14:16:00,B,82,B,54,900.92,USD,ACH,0
2025-01-28 15:00:00,A,7,B,34,3353.28,USD,ACH,0
2025-01-28 16:41:00,B,92,B,96,2101.59,USD,Cheque,0
2025-01-28 17:04:00,B,94,A,7,1104.21,USD,ACH,0
2025-01-28 17:29:00,A,83,B,54,569.53,USD,ACH,0
2025-01-28 18:12:00,B,74,A,43,2427.34,USD,ACH,0
2025-01-28 18:52:00,B,86,B,62,476.28,USD,ACH,0
2025-01-28 19:04:00,B,90,B,30,2893.52,USD,Wire,0
2025-01-28 20:21:00,A,103,B,76,32504.49,USD,ACH,0
2025-01-28 20:26:00,A,49,B,44,7983.94,USD,Cheque,0
2025-01-28 20:57:00,B,52,B,22,3984.56,USD,ACH,0
2025-01-28 21:03:00,A,73,A,23,1645.55,USD,Wire,0
2025-01-28 21:23:00,A,23,B,80,214.3,USD,ACH,0
2025-01-28 21:45:00,B,98,B,30,422.2,USD,ACH,0
2025-01-28 22:00:00,B,88,B,36,7413.61,USD,Wire,0
2025-01-28 22:22:00,B,72,B,72,758.44,USD,ACH,0
2025-01-28 22:40:00,A,35,B,38,837.84,USD,Wire,0
2025-01-28 22:47:00,B,40,A,45,1506.86,USD,Wire,0
2025-01-28 23:09:00,B,50,B,28,562.14,USD,Wire,0
2025-01-28 23:23:00,B,76,B,40,468.98,USD,ACH,0
